[1,["65+gRvei9Pv6W0esao3AAH@6c48a"],["_textureSource"],["cc.SpriteFrame"],0,[{"name":"name_game","rect":{"x":0,"y":0,"width":1097,"height":386},"offset":{"x":0,"y":0},"originalSize":{"width":1097,"height":386},"rotated":false,"capInsets":[0,0,0,0],"vertices":{"rawPosition":[-548.5,-193,0,548.5,-193,0,-548.5,193,0,548.5,193,0],"indexes":[0,1,2,2,1,3],"uv":[0,386,1097,386,0,0,1097,0],"nuv":[0,0,1,0,0,1,1,1],"minPos":{"x":-548.5,"y":-193,"z":0},"maxPos":{"x":548.5,"y":193,"z":0}},"packable":true,"pixelsToUnit":100,"pivot":{"x":0.5,"y":0.5},"meshType":0}],[0],0,[0],[0],[0]]
