[1,["d4QevuqsZC3YnwDSLX7T85@6c48a"],["_textureSource"],["cc.SpriteFrame"],0,[{"name":"obstacle_7","rect":{"x":0,"y":0,"width":113,"height":116},"offset":{"x":0,"y":0},"originalSize":{"width":113,"height":116},"rotated":false,"capInsets":[0,0,0,0],"vertices":{"rawPosition":[-56.5,-58,0,56.5,-58,0,-56.5,58,0,56.5,58,0],"indexes":[0,1,2,2,1,3],"uv":[0,116,113,116,0,0,113,0],"nuv":[0,0,1,0,0,1,1,1],"minPos":{"x":-56.5,"y":-58,"z":0},"maxPos":{"x":56.5,"y":58,"z":0}},"packable":true,"pixelsToUnit":100,"pivot":{"x":0.5,"y":0.5},"meshType":0}],[0],0,[0],[0],[0]]
