[1,["cdqstFHC9O3L5dtrhuFyiK@6c48a"],["_textureSource"],["cc.SpriteFrame"],0,[{"name":"Guide","rect":{"x":0,"y":0,"width":234,"height":328},"offset":{"x":0,"y":0},"originalSize":{"width":234,"height":328},"rotated":false,"capInsets":[0,0,0,0],"vertices":{"rawPosition":[-117,-164,0,117,-164,0,-117,164,0,117,164,0],"indexes":[0,1,2,2,1,3],"uv":[0,328,234,328,0,0,234,0],"nuv":[0,0,1,0,0,1,1,1],"minPos":{"x":-117,"y":-164,"z":0},"maxPos":{"x":117,"y":164,"z":0}},"packable":true,"pixelsToUnit":100,"pivot":{"x":0.5,"y":0.5},"meshType":0}],[0],0,[0],[0],[0]]
