[1,["5e32N4wk5JUpHEVMhrA75G@6c48a","79vQOQmPBH3LnVZ5GSZPuY"],["node","root","data","_skeletonData"],[["sp.SkeletonData",["_name","_atlasText","textureNames","_skeletonJson","textures"],-1,3],["cc.Prefab",["_name"],2],["cc.Node",["_name","_layer","_components","_prefab"],1,9,4],["cc.UITransform",["node","__prefab","_contentSize"],3,1,4,5],["cc.CompPrefabInfo",["fileId"],2],["sp.Skeleton",["_preCacheMode","defaultSkin","node","__prefab","_skeletonData"],1,1,4,6],["cc.PrefabInfo",["fileId","root","asset"],2,1,1]],[[4,0,2],[0,0,1,2,3,4,5],[1,0,2],[2,0,1,2,3,3],[3,0,1,2,1],[5,0,1,2,3,4,3],[6,0,1,2,2]],[[[[1,"fx_die","\nfx_die.png\nsize: 1757,295\nformat: RGBA8888\nfilter: Linear,Linear\nrepeat: none\n0\n  rotate: false\n  xy: 828, 2\n  size: 32, 29\n  orig: 256, 144\n  offset: 104, 0\n  index: -1\n1\n  rotate: false\n  xy: 988, 99\n  size: 58, 49\n  orig: 256, 144\n  offset: 91, 9\n  index: -1\n10\n  rotate: false\n  xy: 652, 150\n  size: 207, 143\n  orig: 256, 144\n  offset: 26, 0\n  index: -1\n11\n  rotate: false\n  xy: 437, 149\n  size: 213, 144\n  orig: 256, 144\n  offset: 24, 0\n  index: -1\n12\n  rotate: false\n  xy: 2, 3\n  size: 215, 144\n  orig: 256, 144\n  offset: 24, 0\n  index: -1\n13\n  rotate: false\n  xy: 219, 3\n  size: 214, 144\n  orig: 256, 144\n  offset: 24, 0\n  index: -1\n14\n  rotate: false\n  xy: 220, 149\n  size: 215, 144\n  orig: 256, 144\n  offset: 21, 0\n  index: -1\n15\n  rotate: false\n  xy: 2, 149\n  size: 216, 144\n  orig: 256, 144\n  offset: 19, 0\n  index: -1\n16\n  rotate: false\n  xy: 435, 9\n  size: 214, 138\n  orig: 256, 144\n  offset: 18, 6\n  index: -1\n17\n  rotate: false\n  xy: 1059, 166\n  size: 210, 127\n  orig: 256, 144\n  offset: 19, 17\n  index: -1\n18\n  rotate: false\n  xy: 1271, 161\n  size: 205, 132\n  orig: 256, 144\n  offset: 21, 12\n  index: -1\n19\n  rotate: false\n  xy: 1478, 158\n  size: 202, 135\n  orig: 256, 144\n  offset: 21, 9\n  index: -1\n2\n  rotate: true\n  xy: 1682, 177\n  size: 116, 73\n  orig: 256, 144\n  offset: 65, 8\n  index: -1\n20\n  rotate: false\n  xy: 1059, 27\n  size: 199, 137\n  orig: 256, 144\n  offset: 23, 7\n  index: -1\n3\n  rotate: true\n  xy: 1639, 14\n  size: 142, 102\n  orig: 256, 144\n  offset: 51, 0\n  index: -1\n4\n  rotate: false\n  xy: 828, 33\n  size: 158, 115\n  orig: 256, 144\n  offset: 43, 0\n  index: -1\n5\n  rotate: false\n  xy: 652, 25\n  size: 174, 123\n  orig: 256, 144\n  offset: 37, 2\n  index: -1\n6\n  rotate: false\n  xy: 1453, 13\n  size: 184, 143\n  orig: 256, 144\n  offset: 34, 0\n  index: -1\n7\n  rotate: false\n  xy: 1260, 17\n  size: 191, 142\n  orig: 256, 144\n  offset: 32, 0\n  index: -1\n8\n  rotate: false\n  xy: 861, 150\n  size: 196, 143\n  orig: 256, 144\n  offset: 29, 0\n  index: -1\n",["fx_die.png"],{"skeleton":{"hash":"5vLfQGwK409aSQpjm4uWCO2gJp4","spine":"3.7.94","width":465.02,"height":261.58,"images":"","audio":""},"bones":[{"name":"root"},{"name":"bone","parent":"root","scaleX":1.816,"scaleY":1.816}],"slots":[{"name":"0","bone":"bone","attachment":"8"}],"skins":{"default":{"0":{"0":{"width":256,"height":144},"1":{"width":256,"height":144},"2":{"width":256,"height":144},"3":{"width":256,"height":144},"4":{"width":256,"height":144},"5":{"width":256,"height":144},"6":{"width":256,"height":144},"7":{"width":256,"height":144},"8":{"width":256,"height":144},"10":{"width":256,"height":144},"11":{"width":256,"height":144},"12":{"width":256,"height":144},"13":{"width":256,"height":144},"14":{"width":256,"height":144},"15":{"width":256,"height":144},"16":{"width":256,"height":144},"17":{"width":256,"height":144},"18":{"width":256,"height":144},"19":{"width":256,"height":144},"20":{"width":256,"height":144}}}},"animations":{"animation":{"slots":{"0":{"attachment":[{"time":0,"name":"0"},{"time":0.0333,"name":"1"},{"time":0.0667,"name":"2"},{"time":0.1,"name":"3"},{"time":0.1333,"name":"4"},{"time":0.1667,"name":"5"},{"time":0.2,"name":"6"},{"time":0.2333,"name":"7"},{"time":0.2667,"name":"8"},{"time":0.3,"name":"10"},{"time":0.3333,"name":"11"},{"time":0.3667,"name":"12"},{"time":0.4,"name":"13"},{"time":0.4333,"name":"14"},{"time":0.4667,"name":"15"},{"time":0.5,"name":"16"},{"time":0.5333,"name":"17"},{"time":0.5667,"name":"18"},{"time":0.6,"name":"19"},{"time":0.6333,"name":"20"},{"time":0.6667,"name":"20"}]}},"bones":{"bone":{"translate":[{"time":0,"x":14.21,"y":62.88}]}}}}},[0]]],0,0,[0],[-1],[0]],[[[2,"fx_die"],[3,"fx_die",1,[[4,-2,[0,"e6/gtGQJlGDYdJ7J5Op0vV"],[5,465.02,261.58]],[5,0,"default",-3,[0,"2ff/XMTO9KTLI9JfqJu0YO"],0]],[6,"d24aI+XVRDp6B7xJIQmXFE",-1,0]]],0,[0,1,1,0,0,1,0,0,1,0,2,1,3],[0],[3],[1]]]]
