[1,["65o8/c5RhOm65urr0b9gi1","7bQgqMpJRDs72ybvXyIDt1@6c48a"],["node","root","data","_skeletonData"],[["cc.Prefab",["_name"],2],["cc.Node",["_name","_layer","_components","_prefab","_lpos"],1,9,4,5],["cc.UITransform",["node","__prefab","_contentSize"],3,1,4,5],["cc.CompPrefabInfo",["fileId"],2],["sp.Skeleton",["loop","_preCacheMode","_premultipliedAlpha","defaultSkin","defaultAnimation","node","__prefab","_skeletonData"],-2,1,4,6],["cc.PrefabInfo",["fileId","root","asset"],2,1,1],["sp.SkeletonData",["_name","_atlasText","textureNames","_skeletonJson","textures"],-1,3]],[[3,0,2],[0,0,2],[1,0,1,2,3,4,3],[2,0,1,2,1],[4,0,1,2,3,4,5,6,7,6],[5,0,1,2,2],[6,0,1,2,3,4,5]],[[[[1,"fx_impack"],[2,"fx_impack",1,[[3,-2,[0,"41uWv4sEJAPqg40TX8NZ51"],[5,83,83]],[4,false,0,false,"default","animation",-3,[0,"451CPRNhBM/4TyVapXv0Qb"],0]],[5,"demrj3sxZPtIHnktiihZzK",-1,0],[1,-257.747,-384.00000000000006,0]]],0,[0,1,1,0,0,1,0,0,1,0,2,1,3],[0],[3],[0]],[[[6,"fx_impack","\nfx_impack.png\nsize: 256,128\nformat: RGBA8888\nfilter: Linear,Linear\nrepeat: none\nRectangle 1\n  rotate: false\n  xy: 87, 43\n  size: 42, 42\n  orig: 44, 44\n  offset: 1, 1\n  index: -1\nfx\n  rotate: false\n  xy: 2, 2\n  size: 83, 83\n  orig: 83, 83\n  offset: 0, 0\n  index: -1\n",["fx_impack.png"],{"skeleton":{"hash":"3o91DFJfwXUO9LB/d8nHOEYxg4s","spine":"3.7.94","width":83,"height":83,"images":"","audio":""},"bones":[{"name":"root"},{"name":"bone","parent":"root"},{"name":"bone2","parent":"root"},{"name":"bone3","parent":"root"},{"name":"bone4","parent":"root"}],"slots":[{"name":"Rectangle 2","bone":"bone2"},{"name":"Rectangle 3","bone":"bone3"},{"name":"Rectangle 4","bone":"bone4"},{"name":"Rectangle 1","bone":"bone","attachment":"fx","blend":"additive"}],"skins":{"default":{"Rectangle 1":{"fx":{"x":0.5,"y":0.5,"width":83,"height":83}},"Rectangle 2":{"Rectangle 1":{"width":44,"height":44}},"Rectangle 3":{"Rectangle 1":{"width":44,"height":44}},"Rectangle 4":{"Rectangle 1":{"width":44,"height":44}}}},"animations":{"animation":{"slots":{"Rectangle 1":{"color":[{"time":0,"color":"ffffff00","curve":[0.25,0,0.75,1]},{"time":0.2,"color":"ffffffff","curve":[0.25,0,0.75,1]},{"time":0.4,"color":"ffffff00"}]},"Rectangle 2":{"color":[{"time":0,"color":"ffffff00"},{"time":0.0667,"color":"ffffffff"},{"time":0.1333,"color":"ffffff00"},{"time":0.1667,"color":"ffffffff"},{"time":0.2,"color":"ffffff00"},{"time":0.2333,"color":"ffffffff"},{"time":0.3,"color":"ffffff00"},{"time":0.3667,"color":"ffffffff"}],"attachment":[{"time":0,"name":"Rectangle 1"}]},"Rectangle 3":{"color":[{"time":0,"color":"ffffff00"},{"time":0.0667,"color":"ffffffff"},{"time":0.1333,"color":"ffffff00"},{"time":0.1667,"color":"ffffffff"},{"time":0.2,"color":"ffffff00"},{"time":0.2333,"color":"ffffffff"},{"time":0.3,"color":"ffffff00"},{"time":0.3667,"color":"ffffffff"}],"attachment":[{"time":0,"name":"Rectangle 1"}]},"Rectangle 4":{"color":[{"time":0,"color":"ffffff00"},{"time":0.0667,"color":"ffffffff"},{"time":0.1333,"color":"ffffff00"},{"time":0.1667,"color":"ffffffff"},{"time":0.2,"color":"ffffff00"},{"time":0.2333,"color":"ffffffff"},{"time":0.3,"color":"ffffff00"},{"time":0.3667,"color":"ffffffff"}],"attachment":[{"time":0,"name":"Rectangle 1"}]}},"bones":{"bone4":{"translate":[{"time":0,"x":0,"y":0},{"time":0.2667,"x":-48.57,"y":33.75}]},"bone3":{"translate":[{"time":0,"x":0,"y":0},{"time":0.3,"x":18.68,"y":-63.04}]},"bone2":{"translate":[{"time":0,"x":0,"y":0},{"time":0.2667,"x":53.75,"y":55.36,"curve":"stepped"},{"time":0.6667,"x":53.75,"y":55.36}]},"bone":{"scale":[{"time":0,"x":1,"y":1,"curve":[0.25,0,0.75,1]},{"time":0.4,"x":3.909,"y":3.909}]}}}}},[0]]],0,0,[0],[-1],[1]]]]
