[1,["dciEXe/upAZor3ngFuuh00@6c48a"],["_textureSource"],["cc.SpriteFrame"],0,[{"name":"background edge","rect":{"x":0,"y":0,"width":330,"height":110},"offset":{"x":0,"y":0},"originalSize":{"width":330,"height":110},"rotated":false,"capInsets":[0,0,0,0],"vertices":{"rawPosition":[-165,-55,0,165,-55,0,-165,55,0,165,55,0],"indexes":[0,1,2,2,1,3],"uv":[0,110,330,110,0,0,330,0],"nuv":[0,0,1,0,0,1,1,1],"minPos":{"x":-165,"y":-55,"z":0},"maxPos":{"x":165,"y":55,"z":0}},"packable":true,"pixelsToUnit":100,"pivot":{"x":0.5,"y":0.5},"meshType":0}],[0],0,[0],[0],[0]]
