[1,["ddYCINha1IIrRZKtoJV1Oe@6c48a"],["_textureSource"],["cc.SpriteFrame"],0,[{"name":"box","rect":{"x":0,"y":0,"width":438,"height":577},"offset":{"x":0,"y":0},"originalSize":{"width":438,"height":577},"rotated":false,"capInsets":[0,0,0,0],"vertices":{"rawPosition":[-219,-288.5,0,219,-288.5,0,-219,288.5,0,219,288.5,0],"indexes":[0,1,2,2,1,3],"uv":[0,577,438,577,0,0,438,0],"nuv":[0,0,1,0,0,1,1,1],"minPos":{"x":-219,"y":-288.5,"z":0},"maxPos":{"x":219,"y":288.5,"z":0}},"packable":true,"pixelsToUnit":100,"pivot":{"x":0.5,"y":0.5},"meshType":0}],[0],0,[0],[0],[0]]
