[1,["04SNYQ0X5Fb40JxC3eyIjb@6c48a"],["_textureSource"],["cc.SpriteFrame"],0,[{"name":"obstacle_6","rect":{"x":0,"y":0,"width":153,"height":153},"offset":{"x":0,"y":0},"originalSize":{"width":153,"height":153},"rotated":false,"capInsets":[0,0,0,0],"vertices":{"rawPosition":[-76.5,-76.5,0,76.5,-76.5,0,-76.5,76.5,0,76.5,76.5,0],"indexes":[0,1,2,2,1,3],"uv":[0,153,153,153,0,0,153,0],"nuv":[0,0,1,0,0,1,1,1],"minPos":{"x":-76.5,"y":-76.5,"z":0},"maxPos":{"x":76.5,"y":76.5,"z":0}},"packable":true,"pixelsToUnit":100,"pivot":{"x":0.5,"y":0.5},"meshType":0}],[0],0,[0],[0],[0]]
