[1,["84EIV4WH5GkbkfNmNOMdjS@6c48a"],["_textureSource"],["cc.SpriteFrame"],0,[{"name":"button","rect":{"x":0,"y":0,"width":91,"height":93},"offset":{"x":0,"y":0},"originalSize":{"width":91,"height":93},"rotated":false,"capInsets":[0,0,0,0],"vertices":{"rawPosition":[-45.5,-46.5,0,45.5,-46.5,0,-45.5,46.5,0,45.5,46.5,0],"indexes":[0,1,2,2,1,3],"uv":[0,93,91,93,0,0,91,0],"nuv":[0,0,1,0,0,1,1,1],"minPos":{"x":-45.5,"y":-46.5,"z":0},"maxPos":{"x":45.5,"y":46.5,"z":0}},"packable":true,"pixelsToUnit":100,"pivot":{"x":0.5,"y":0.5},"meshType":0}],[0],0,[0],[0],[0]]
