[1,["42v0u7H4lGabKT/+p0ZUDa@6c48a"],["_textureSource"],["cc.SpriteFrame"],0,[{"name":"time_bar_notfull","rect":{"x":0,"y":0,"width":314,"height":43},"offset":{"x":0,"y":0},"originalSize":{"width":314,"height":43},"rotated":false,"capInsets":[0,0,0,0],"vertices":{"rawPosition":[-157,-21.5,0,157,-21.5,0,-157,21.5,0,157,21.5,0],"indexes":[0,1,2,2,1,3],"uv":[0,43,314,43,0,0,314,0],"nuv":[0,0,1,0,0,1,1,1],"minPos":{"x":-157,"y":-21.5,"z":0},"maxPos":{"x":157,"y":21.5,"z":0}},"packable":true,"pixelsToUnit":100,"pivot":{"x":0.5,"y":0.5},"meshType":0}],[0],0,[0],[0],[0]]
