[1,["66Kk08+z1JuLYwf8W8BhaL@6c48a"],["_textureSource"],["cc.SpriteFrame"],0,[{"name":"button_play","rect":{"x":0,"y":0,"width":190,"height":190},"offset":{"x":0,"y":0},"originalSize":{"width":190,"height":190},"rotated":false,"capInsets":[0,0,0,0],"vertices":{"rawPosition":[-95,-95,0,95,-95,0,-95,95,0,95,95,0],"indexes":[0,1,2,2,1,3],"uv":[0,190,190,190,0,0,190,0],"nuv":[0,0,1,0,0,1,1,1],"minPos":{"x":-95,"y":-95,"z":0},"maxPos":{"x":95,"y":95,"z":0}},"packable":true,"pixelsToUnit":100,"pivot":{"x":0.5,"y":0.5},"meshType":0}],[0],0,[0],[0],[0]]
