[1,["48JP6aWYtNOqwVm9uWKN35@6c48a"],["_textureSource"],["cc.SpriteFrame"],0,[{"name":"x","rect":{"x":0,"y":0,"width":44,"height":43},"offset":{"x":0,"y":0},"originalSize":{"width":44,"height":43},"rotated":false,"capInsets":[0,0,0,0],"vertices":{"rawPosition":[-22,-21.5,0,22,-21.5,0,-22,21.5,0,22,21.5,0],"indexes":[0,1,2,2,1,3],"uv":[0,43,44,43,0,0,44,0],"nuv":[0,0,1,0,0,1,1,1],"minPos":{"x":-22,"y":-21.5,"z":0},"maxPos":{"x":22,"y":21.5,"z":0}},"packable":true,"pixelsToUnit":100,"pivot":{"x":0.5,"y":0.5},"meshType":0}],[0],0,[0],[0],[0]]
