[1,["f9yEeGrG1DAJ7D0c4CcukV@6c48a"],["_textureSource"],["cc.SpriteFrame"],0,[{"name":"Beech_nuts","rect":{"x":0,"y":0,"width":42,"height":42},"offset":{"x":0,"y":0},"originalSize":{"width":42,"height":42},"rotated":false,"capInsets":[0,0,0,0],"vertices":{"rawPosition":[-21,-21,0,21,-21,0,-21,21,0,21,21,0],"indexes":[0,1,2,2,1,3],"uv":[0,42,42,42,0,0,42,0],"nuv":[0,0,1,0,0,1,1,1],"minPos":{"x":-21,"y":-21,"z":0},"maxPos":{"x":21,"y":21,"z":0}},"packable":true,"pixelsToUnit":100,"pivot":{"x":0.5,"y":0.5},"meshType":0}],[0],0,[0],[0],[0]]
