[1,["e4MkMmG2RD1KpfQh9eA6cG@6c48a"],["_textureSource"],["cc.SpriteFrame"],0,[{"name":"black_opacity","rect":{"x":0,"y":0,"width":4,"height":720},"offset":{"x":0,"y":0},"originalSize":{"width":4,"height":720},"rotated":false,"capInsets":[0,0,0,0],"vertices":{"rawPosition":[-2,-360,0,2,-360,0,-2,360,0,2,360,0],"indexes":[0,1,2,2,1,3],"uv":[0,720,4,720,0,0,4,0],"nuv":[0,0,1,0,0,1,1,1],"minPos":{"x":-2,"y":-360,"z":0},"maxPos":{"x":2,"y":360,"z":0}},"packable":true,"pixelsToUnit":100,"pivot":{"x":0.5,"y":0.5},"meshType":0}],[0],0,[0],[0],[0]]
