[1,["09WZGHtvxJhaw0TNwTekRd@6c48a"],["_textureSource"],["cc.SpriteFrame"],0,[{"name":"text_pause","rect":{"x":0,"y":0,"width":313,"height":108},"offset":{"x":0,"y":0},"originalSize":{"width":313,"height":108},"rotated":false,"capInsets":[0,0,0,0],"vertices":{"rawPosition":[-156.5,-54,0,156.5,-54,0,-156.5,54,0,156.5,54,0],"indexes":[0,1,2,2,1,3],"uv":[0,108,313,108,0,0,313,0],"nuv":[0,0,1,0,0,1,1,1],"minPos":{"x":-156.5,"y":-54,"z":0},"maxPos":{"x":156.5,"y":54,"z":0}},"packable":true,"pixelsToUnit":100,"pivot":{"x":0.5,"y":0.5},"meshType":0}],[0],0,[0],[0],[0]]
