[1,["e8tacpcYVIvL2MBIO8zWFf@6c48a"],["_textureSource"],["cc.SpriteFrame"],0,[{"name":"obstacle_4","rect":{"x":0,"y":0,"width":67,"height":354},"offset":{"x":0,"y":0},"originalSize":{"width":67,"height":354},"rotated":false,"capInsets":[0,0,0,0],"vertices":{"rawPosition":[-33.5,-177,0,33.5,-177,0,-33.5,177,0,33.5,177,0],"indexes":[0,1,2,2,1,3],"uv":[0,354,67,354,0,0,67,0],"nuv":[0,0,1,0,0,1,1,1],"minPos":{"x":-33.5,"y":-177,"z":0},"maxPos":{"x":33.5,"y":177,"z":0}},"packable":true,"pixelsToUnit":100,"pivot":{"x":0.5,"y":0.5},"meshType":0}],[0],0,[0],[0],[0]]
