[1,["38bwY5TF9EJpsyONiR5+F2@6c48a"],["_textureSource"],["cc.SpriteFrame"],0,[{"name":"obstacle_1","rect":{"x":0,"y":0,"width":103,"height":250},"offset":{"x":0,"y":0},"originalSize":{"width":103,"height":250},"rotated":false,"capInsets":[0,0,0,0],"vertices":{"rawPosition":[-51.5,-125,0,51.5,-125,0,-51.5,125,0,51.5,125,0],"indexes":[0,1,2,2,1,3],"uv":[0,250,103,250,0,0,103,0],"nuv":[0,0,1,0,0,1,1,1],"minPos":{"x":-51.5,"y":-125,"z":0},"maxPos":{"x":51.5,"y":125,"z":0}},"packable":true,"pixelsToUnit":100,"pivot":{"x":0.5,"y":0.5},"meshType":0}],[0],0,[0],[0],[0]]
