[1,["609xlc7CpF67qUiVX2DoHQ","a3zQCfCrBCDZJ4uf2rk5u8","81Dpbk5FZEaJtZ9OjzlzLA","c2chXYaDVLaL+7verGEAwE","1cAq5vRJJJFbj4dJKjseTN"],["_effectAsset"],[["cc.EffectAsset",["_name","shaders","techniques","combinations"],-1],["cc.Material",["_name","_props","_states","_defines"],-1],["cc.Material",["_name","_states","_defines","_props"],0,12]],[[1,0,1,2,3,5],[0,0,1,2,4],[0,0,3,1,2,5],[2,0,1,2,3,4]],[[[[1,"builtin-graphics",[{"hash":3387382926,"name":"builtin-graphics|vs:vert|fs:frag","blocks":[],"samplerTextures":[],"samplers":[],"textures":[],"buffers":[],"images":[],"subpassInputs":[],"attributes":[{"name":"a_position","format":32,"location":0,"defines":[]},{"name":"a_color","format":44,"location":1,"defines":[]},{"name":"a_dist","format":11,"location":2,"defines":[]}],"fragColors":[{"name":"cc_FragColor","typename":"vec4","type":16,"count":1,"stageFlags":16,"location":0,"defines":[]}],"glsl4":{"vert":"\nprecision highp float;\nlayout(set = 0, binding = 0) uniform CCGlobal {\n  highp   vec4 cc_time;\n  mediump vec4 cc_screenSize;\n  mediump vec4 cc_nativeSize;\n  mediump vec4 cc_debug_view_mode;\n  mediump vec4 cc_debug_view_composite_pack_1;\n  mediump vec4 cc_debug_view_composite_pack_2;\n  mediump vec4 cc_debug_view_composite_pack_3;\n};\nlayout(set = 0, binding = 1) uniform CCCamera {\n  highp   mat4 cc_matView;\n  highp   mat4 cc_matViewInv;\n  highp   mat4 cc_matProj;\n  highp   mat4 cc_matProjInv;\n  highp   mat4 cc_matViewProj;\n  highp   mat4 cc_matViewProjInv;\n  highp   vec4 cc_cameraPos;\n  mediump vec4 cc_surfaceTransform;\n  mediump vec4 cc_screenScale;\n  mediump vec4 cc_exposure;\n  mediump vec4 cc_mainLitDir;\n  mediump vec4 cc_mainLitColor;\n  mediump vec4 cc_ambientSky;\n  mediump vec4 cc_ambientGround;\n  mediump vec4 cc_fogColor;\n  mediump vec4 cc_fogBase;\n  mediump vec4 cc_fogAdd;\n  mediump vec4 cc_nearFar;\n  mediump vec4 cc_viewPort;\n};\nlayout(set = 2, binding = 0) uniform CCLocal {\n  highp mat4 cc_matWorld;\n  highp mat4 cc_matWorldIT;\n  highp vec4 cc_lightingMapUVParam;\n  highp vec4 cc_localShadowBias;\n};\nlayout(location = 0) in vec3 a_position;\nlayout(location = 1) in vec4 a_color;\nlayout(location = 0) out vec4 v_color;\nlayout(location = 2) in float a_dist;\nlayout(location = 1) out float v_dist;\nvec4 vert () {\n  vec4 pos = vec4(a_position, 1);\n  pos = cc_matViewProj * cc_matWorld * pos;\n  v_color = a_color;\n  v_dist = a_dist;\n  return pos;\n}\nvoid main() { gl_Position = vert(); }","frag":"\nprecision highp float;\nlayout(location = 0) in vec4 v_color;\nlayout(location = 1) in float v_dist;\nvec4 frag () {\n  vec4 o = v_color;\n    float aa = fwidth(v_dist);\n  float alpha = 1. - smoothstep(-aa, 0., abs(v_dist) - 1.0);\n  o.rgb *= o.a;\n  o *= alpha;\n  return o;\n}\nlayout(location = 0) out vec4 cc_FragColor;\nvoid main() { cc_FragColor = frag(); }"},"builtins":{"globals":{"blocks":[{"name":"CCGlobal","defines":[]},{"name":"CCCamera","defines":[]}],"samplerTextures":[],"buffers":[],"images":[]},"locals":{"blocks":[{"name":"CCLocal","defines":[]}],"samplerTextures":[],"buffers":[],"images":[]},"statistics":{"CC_EFFECT_USED_VERTEX_UNIFORM_VECTORS":54,"CC_EFFECT_USED_FRAGMENT_UNIFORM_VECTORS":0}},"defines":[]}],[{"passes":[{"program":"builtin-graphics|vs:vert|fs:frag","blendState":{"targets":[{"blend":true,"blendSrc":1,"blendDst":4,"blendSrcAlpha":1,"blendDstAlpha":4}]},"rasterizerState":{"cullMode":0},"depthStencilState":{"depthTest":false,"depthWrite":false}}]}]]],0,0,[],[],[]],[[[0,"ui-alpha-test-material",[{}],[{"rasterizerState":{},"depthStencilState":{},"blendState":{"targets":[{}]}}],[{"USE_ALPHA_TEST":true,"USE_TEXTURE":true,"IS_GRAY":false,"CC_USE_EMBEDDED_ALPHA":false}]]],0,0,[0],[0],[0]],[[[2,"builtin-sprite",[{}],[{"hash":3438030836,"name":"builtin-sprite|sprite-vs:vert|sprite-fs:frag","blocks":[{"name":"ALPHA_TEST_DATA","stageFlags":16,"binding":0,"members":[{"name":"alphaThreshold","type":13,"count":1}],"defines":["USE_ALPHA_TEST"]}],"samplerTextures":[],"samplers":[],"textures":[],"buffers":[],"images":[],"subpassInputs":[],"attributes":[{"name":"a_position","format":32,"location":0,"defines":[]},{"name":"a_texCoord","format":21,"location":1,"defines":[]},{"name":"a_color","format":44,"location":2,"defines":[]}],"fragColors":[{"name":"cc_FragColor","typename":"vec4","type":16,"count":1,"stageFlags":16,"location":0,"defines":[]}],"glsl4":{"vert":"\nprecision highp float;\nlayout(set = 0, binding = 0) uniform CCGlobal {\n  highp   vec4 cc_time;\n  mediump vec4 cc_screenSize;\n  mediump vec4 cc_nativeSize;\n  mediump vec4 cc_debug_view_mode;\n  mediump vec4 cc_debug_view_composite_pack_1;\n  mediump vec4 cc_debug_view_composite_pack_2;\n  mediump vec4 cc_debug_view_composite_pack_3;\n};\nlayout(set = 0, binding = 1) uniform CCCamera {\n  highp   mat4 cc_matView;\n  highp   mat4 cc_matViewInv;\n  highp   mat4 cc_matProj;\n  highp   mat4 cc_matProjInv;\n  highp   mat4 cc_matViewProj;\n  highp   mat4 cc_matViewProjInv;\n  highp   vec4 cc_cameraPos;\n  mediump vec4 cc_surfaceTransform;\n  mediump vec4 cc_screenScale;\n  mediump vec4 cc_exposure;\n  mediump vec4 cc_mainLitDir;\n  mediump vec4 cc_mainLitColor;\n  mediump vec4 cc_ambientSky;\n  mediump vec4 cc_ambientGround;\n  mediump vec4 cc_fogColor;\n  mediump vec4 cc_fogBase;\n  mediump vec4 cc_fogAdd;\n  mediump vec4 cc_nearFar;\n  mediump vec4 cc_viewPort;\n};\n#if USE_LOCAL\n  layout(set = 2, binding = 0) uniform CCLocal {\n    highp mat4 cc_matWorld;\n    highp mat4 cc_matWorldIT;\n    highp vec4 cc_lightingMapUVParam;\n    highp vec4 cc_localShadowBias;\n  };\n#endif\n#if SAMPLE_FROM_RT\n  #define QUATER_PI         0.78539816340\n  #define HALF_PI           1.57079632679\n  #define PI                3.14159265359\n  #define PI2               6.28318530718\n  #define PI4               12.5663706144\n  #define INV_QUATER_PI     1.27323954474\n  #define INV_HALF_PI       0.63661977237\n  #define INV_PI            0.31830988618\n  #define INV_PI2           0.15915494309\n  #define INV_PI4           0.07957747155\n  #define EPSILON           1e-6\n  #define EPSILON_LOWP      1e-4\n  #define LOG2              1.442695\n  #define EXP_VALUE         2.71828183f\n  #define FP_MAX            65504.0\n  #define FP_SCALE          0.0009765625\n  #define FP_SCALE_INV      1024.0\n  #define GRAY_VECTOR       vec3(0.299, 0.587, 0.114)\n#endif\nlayout(location = 0) in vec3 a_position;\nlayout(location = 1) in vec2 a_texCoord;\nlayout(location = 2) in vec4 a_color;\nlayout(location = 0) out vec4 color;\nlayout(location = 1) out vec2 uv0;\nvec4 vert () {\n  vec4 pos = vec4(a_position, 1);\n  #if USE_LOCAL\n    pos = cc_matWorld * pos;\n  #endif\n  #if USE_PIXEL_ALIGNMENT\n    pos = cc_matView * pos;\n    pos.xyz = floor(pos.xyz);\n    pos = cc_matProj * pos;\n  #else\n    pos = cc_matViewProj * pos;\n  #endif\n  uv0 = a_texCoord;\n  #if SAMPLE_FROM_RT\n    uv0 = cc_cameraPos.w > 1.0 ? vec2(uv0.x, 1.0 - uv0.y) : uv0;\n  #endif\n  color = a_color;\n  return pos;\n}\nvoid main() { gl_Position = vert(); }","frag":"\nprecision highp float;\nvec4 CCSampleWithAlphaSeparated(sampler2D tex, vec2 uv) {\n#if CC_USE_EMBEDDED_ALPHA\n  return vec4(texture(tex, uv).rgb, texture(tex, uv + vec2(0.0, 0.5)).r);\n#else\n  return texture(tex, uv);\n#endif\n}\n#if USE_ALPHA_TEST\n  layout(set = 1, binding = 0) uniform ALPHA_TEST_DATA {\n    float alphaThreshold;\n  };\n#endif\nvoid ALPHA_TEST (in vec4 color) {\n  #if USE_ALPHA_TEST\n    if (color.a < alphaThreshold) discard;\n  #endif\n}\nvoid ALPHA_TEST (in float alpha) {\n  #if USE_ALPHA_TEST\n    if (alpha < alphaThreshold) discard;\n  #endif\n}\nlayout(location = 0) in vec4 color;\n#if USE_TEXTURE\n  layout(location = 1) in vec2 uv0;\n  layout(set = 2, binding = 11) uniform sampler2D cc_spriteTexture;\n#endif\nvec4 frag () {\n  vec4 o = vec4(1, 1, 1, 1);\n  #if USE_TEXTURE\n    o *= CCSampleWithAlphaSeparated(cc_spriteTexture, uv0);\n    #if IS_GRAY\n      float gray  = 0.2126 * o.r + 0.7152 * o.g + 0.0722 * o.b;\n      o.r = o.g = o.b = gray;\n    #endif\n  #endif\n  o *= color;\n  ALPHA_TEST(o);\n  return o;\n}\nlayout(location = 0) out vec4 cc_FragColor;\nvoid main() { cc_FragColor = frag(); }"},"builtins":{"globals":{"blocks":[{"name":"CCGlobal","defines":[]},{"name":"CCCamera","defines":[]}],"samplerTextures":[],"buffers":[],"images":[]},"locals":{"blocks":[{"name":"CCLocal","defines":["USE_LOCAL"]}],"samplerTextures":[{"name":"cc_spriteTexture","defines":["USE_TEXTURE"]}],"buffers":[],"images":[]},"statistics":{"CC_EFFECT_USED_VERTEX_UNIFORM_VECTORS":54,"CC_EFFECT_USED_FRAGMENT_UNIFORM_VECTORS":1}},"defines":[{"name":"USE_LOCAL","type":"boolean"},{"name":"SAMPLE_FROM_RT","type":"boolean"},{"name":"USE_PIXEL_ALIGNMENT","type":"boolean"},{"name":"CC_USE_EMBEDDED_ALPHA","type":"boolean"},{"name":"USE_ALPHA_TEST","type":"boolean"},{"name":"USE_TEXTURE","type":"boolean"},{"name":"IS_GRAY","type":"boolean"}]}],[{"passes":[{"program":"builtin-sprite|sprite-vs:vert|sprite-fs:frag","blendState":{"targets":[{"blend":true,"blendSrc":2,"blendDst":4,"blendDstAlpha":4}]},"rasterizerState":{"cullMode":0},"depthStencilState":{"depthTest":false,"depthWrite":false},"properties":{"alphaThreshold":{"type":13,"value":[0.5]}}}]}]]],0,0,[],[],[]],[[[2,"builtin-clear-stencil",[{}],[{"hash":3507038093,"name":"builtin-clear-stencil|sprite-vs:vert|sprite-fs:frag","blocks":[],"samplerTextures":[],"samplers":[],"textures":[],"buffers":[],"images":[],"subpassInputs":[],"attributes":[{"name":"a_position","format":32,"location":0,"defines":[]}],"fragColors":[{"name":"cc_FragColor","typename":"vec4","type":16,"count":1,"stageFlags":16,"location":0,"defines":[]}],"glsl4":{"vert":"\nprecision highp float;\nlayout(location = 0) in vec3 a_position;\nvec4 vert () {\n  vec4 pos = vec4(a_position, 1);\n  return pos;\n}\nvoid main() { gl_Position = vert(); }","frag":"\nprecision highp float;\nvec4 frag () {\n  vec4 o = vec4(1.0);\n  return o;\n}\nlayout(location = 0) out vec4 cc_FragColor;\nvoid main() { cc_FragColor = frag(); }"},"builtins":{"globals":{"blocks":[],"samplerTextures":[],"buffers":[],"images":[]},"locals":{"blocks":[],"samplerTextures":[],"buffers":[],"images":[]},"statistics":{"CC_EFFECT_USED_VERTEX_UNIFORM_VECTORS":0,"CC_EFFECT_USED_FRAGMENT_UNIFORM_VECTORS":0}},"defines":[]}],[{"passes":[{"program":"builtin-clear-stencil|sprite-vs:vert|sprite-fs:frag","blendState":{"targets":[{"blend":true}]},"rasterizerState":{"cullMode":0},"depthStencilState":{"depthTest":false,"depthWrite":false}}]}]]],0,0,[],[],[]],[[[1,"util/profiler",[{"hash":412318372,"name":"util/profiler|profiler-vs:vert|profiler-fs:frag","blocks":[{"name":"Constants","stageFlags":1,"binding":0,"members":[{"name":"offset","type":16,"count":1}],"defines":[]},{"name":"PerFrameInfo","stageFlags":1,"binding":1,"members":[{"name":"digits","type":16,"count":20}],"defines":[]}],"samplerTextures":[{"name":"mainTexture","type":28,"count":1,"stageFlags":16,"binding":2,"defines":[]}],"samplers":[],"textures":[],"buffers":[],"images":[],"subpassInputs":[],"attributes":[{"name":"a_position","format":32,"location":0,"defines":[]},{"name":"a_color","format":44,"location":1,"defines":[]}],"fragColors":[{"name":"cc_FragColor","typename":"vec4","type":16,"count":1,"stageFlags":16,"location":0,"defines":[]}],"glsl4":{"vert":"\nprecision mediump float;\nlayout(set = 0, binding = 0) uniform CCGlobal {\n  highp   vec4 cc_time;\n  mediump vec4 cc_screenSize;\n  mediump vec4 cc_nativeSize;\n  mediump vec4 cc_debug_view_mode;\n  mediump vec4 cc_debug_view_composite_pack_1;\n  mediump vec4 cc_debug_view_composite_pack_2;\n  mediump vec4 cc_debug_view_composite_pack_3;\n};\nlayout(set = 0, binding = 1) uniform CCCamera {\n  highp   mat4 cc_matView;\n  highp   mat4 cc_matViewInv;\n  highp   mat4 cc_matProj;\n  highp   mat4 cc_matProjInv;\n  highp   mat4 cc_matViewProj;\n  highp   mat4 cc_matViewProjInv;\n  highp   vec4 cc_cameraPos;\n  mediump vec4 cc_surfaceTransform;\n  mediump vec4 cc_screenScale;\n  mediump vec4 cc_exposure;\n  mediump vec4 cc_mainLitDir;\n  mediump vec4 cc_mainLitColor;\n  mediump vec4 cc_ambientSky;\n  mediump vec4 cc_ambientGround;\n  mediump vec4 cc_fogColor;\n  mediump vec4 cc_fogBase;\n  mediump vec4 cc_fogAdd;\n  mediump vec4 cc_nearFar;\n  mediump vec4 cc_viewPort;\n};\nlayout(location = 0) in vec3 a_position;\nlayout(location = 1) in vec4 a_color;\nlayout(location = 0) out vec2 v_uv;\nlayout(set = 1, binding = 0) uniform Constants {\n  vec4 offset;\n};\nlayout(set = 1, binding = 1) uniform PerFrameInfo {\n  vec4 digits[8 * 10 / 4];\n};\nfloat getComponent(vec4 v, float i) {\n  if (i < 1.0) { return v.x; }\n  else if (i < 2.0) { return v.y; }\n  else if (i < 3.0) { return v.z; }\n  else { return v.w; }\n}\nvec4 vert () {\n  mat2 proj = mat2(cc_matProj[0].xy, cc_matProj[1].xy);\n  proj /= abs(proj[1].x + proj[1].y);\n  vec2 position = proj * a_position.xy + offset.xy;\n  v_uv = a_color.xy;\n  if (a_color.z >= 0.0) {\n    float n = getComponent(digits[int(a_color.z)], a_color.w);\n    v_uv += vec2(offset.z * n, 0.0);\n  }\n  return vec4(position, 0.0, 1.0);\n}\nvoid main() { gl_Position = vert(); }","frag":"\nprecision mediump float;\nlayout(set = 0, binding = 0) uniform CCGlobal {\n  highp   vec4 cc_time;\n  mediump vec4 cc_screenSize;\n  mediump vec4 cc_nativeSize;\n  mediump vec4 cc_debug_view_mode;\n  mediump vec4 cc_debug_view_composite_pack_1;\n  mediump vec4 cc_debug_view_composite_pack_2;\n  mediump vec4 cc_debug_view_composite_pack_3;\n};\nlayout(set = 0, binding = 1) uniform CCCamera {\n  highp   mat4 cc_matView;\n  highp   mat4 cc_matViewInv;\n  highp   mat4 cc_matProj;\n  highp   mat4 cc_matProjInv;\n  highp   mat4 cc_matViewProj;\n  highp   mat4 cc_matViewProjInv;\n  highp   vec4 cc_cameraPos;\n  mediump vec4 cc_surfaceTransform;\n  mediump vec4 cc_screenScale;\n  mediump vec4 cc_exposure;\n  mediump vec4 cc_mainLitDir;\n  mediump vec4 cc_mainLitColor;\n  mediump vec4 cc_ambientSky;\n  mediump vec4 cc_ambientGround;\n  mediump vec4 cc_fogColor;\n  mediump vec4 cc_fogBase;\n  mediump vec4 cc_fogAdd;\n  mediump vec4 cc_nearFar;\n  mediump vec4 cc_viewPort;\n};\n#define CC_SURFACES_DEBUG_VIEW_VERTEX_COLOR 1\n#define CC_SURFACES_DEBUG_VIEW_VERTEX_NORMAL CC_SURFACES_DEBUG_VIEW_VERTEX_COLOR + 1\n#define CC_SURFACES_DEBUG_VIEW_VERTEX_TANGENT CC_SURFACES_DEBUG_VIEW_VERTEX_NORMAL + 1\n#define CC_SURFACES_DEBUG_VIEW_WORLD_POS CC_SURFACES_DEBUG_VIEW_VERTEX_TANGENT + 1\n#define CC_SURFACES_DEBUG_VIEW_VERTEX_MIRROR CC_SURFACES_DEBUG_VIEW_WORLD_POS + 1\n#define CC_SURFACES_DEBUG_VIEW_FACE_SIDE CC_SURFACES_DEBUG_VIEW_VERTEX_MIRROR + 1\n#define CC_SURFACES_DEBUG_VIEW_UV0 CC_SURFACES_DEBUG_VIEW_FACE_SIDE + 1\n#define CC_SURFACES_DEBUG_VIEW_UV1 CC_SURFACES_DEBUG_VIEW_UV0 + 1\n#define CC_SURFACES_DEBUG_VIEW_UVLIGHTMAP CC_SURFACES_DEBUG_VIEW_UV1 + 1\n#define CC_SURFACES_DEBUG_VIEW_PROJ_DEPTH CC_SURFACES_DEBUG_VIEW_UVLIGHTMAP + 1\n#define CC_SURFACES_DEBUG_VIEW_LINEAR_DEPTH CC_SURFACES_DEBUG_VIEW_PROJ_DEPTH + 1\n#define CC_SURFACES_DEBUG_VIEW_FRAGMENT_NORMAL CC_SURFACES_DEBUG_VIEW_LINEAR_DEPTH + 1\n#define CC_SURFACES_DEBUG_VIEW_FRAGMENT_TANGENT CC_SURFACES_DEBUG_VIEW_FRAGMENT_NORMAL + 1\n#define CC_SURFACES_DEBUG_VIEW_FRAGMENT_BINORMAL CC_SURFACES_DEBUG_VIEW_FRAGMENT_TANGENT + 1\n#define CC_SURFACES_DEBUG_VIEW_BASE_COLOR CC_SURFACES_DEBUG_VIEW_FRAGMENT_BINORMAL + 1\n#define CC_SURFACES_DEBUG_VIEW_DIFFUSE_COLOR CC_SURFACES_DEBUG_VIEW_BASE_COLOR + 1\n#define CC_SURFACES_DEBUG_VIEW_SPECULAR_COLOR CC_SURFACES_DEBUG_VIEW_DIFFUSE_COLOR + 1\n#define CC_SURFACES_DEBUG_VIEW_TRANSPARENCY CC_SURFACES_DEBUG_VIEW_SPECULAR_COLOR + 1\n#define CC_SURFACES_DEBUG_VIEW_METALLIC CC_SURFACES_DEBUG_VIEW_TRANSPARENCY + 1\n#define CC_SURFACES_DEBUG_VIEW_ROUGHNESS CC_SURFACES_DEBUG_VIEW_METALLIC + 1\n#define CC_SURFACES_DEBUG_VIEW_SPECULAR_INTENSITY CC_SURFACES_DEBUG_VIEW_ROUGHNESS + 1\n#define CC_SURFACES_DEBUG_VIEW_DIRECT_DIFFUSE CC_SURFACES_DEBUG_VIEW_SPECULAR_INTENSITY + 1\n#define CC_SURFACES_DEBUG_VIEW_DIRECT_SPECULAR CC_SURFACES_DEBUG_VIEW_DIRECT_DIFFUSE + 1\n#define CC_SURFACES_DEBUG_VIEW_DIRECT_ALL CC_SURFACES_DEBUG_VIEW_DIRECT_SPECULAR + 1\n#define CC_SURFACES_DEBUG_VIEW_ENV_DIFFUSE CC_SURFACES_DEBUG_VIEW_DIRECT_ALL + 1\n#define CC_SURFACES_DEBUG_VIEW_ENV_SPECULAR CC_SURFACES_DEBUG_VIEW_ENV_DIFFUSE + 1\n#define CC_SURFACES_DEBUG_VIEW_ENV_ALL CC_SURFACES_DEBUG_VIEW_ENV_SPECULAR + 1\n#define CC_SURFACES_DEBUG_VIEW_EMISSIVE CC_SURFACES_DEBUG_VIEW_ENV_ALL + 1\n#define CC_SURFACES_DEBUG_VIEW_LIGHT_MAP CC_SURFACES_DEBUG_VIEW_EMISSIVE + 1\n#define CC_SURFACES_DEBUG_VIEW_SHADOW CC_SURFACES_DEBUG_VIEW_LIGHT_MAP + 1\n#define CC_SURFACES_DEBUG_VIEW_AO CC_SURFACES_DEBUG_VIEW_SHADOW + 1\n#define CC_SURFACES_DEBUG_VIEW_FOG CC_SURFACES_DEBUG_VIEW_AO + 1\n#define CC_SURFACES_DEBUG_VIEW_SINGLE 1\n#define CC_SURFACES_DEBUG_VIEW_COMPOSITE_AND_MISC 2\n#define IS_DEBUG_VIEW_LIGHTING_ENABLE_WITH_ALBEDO (cc_debug_view_mode.y > 0.0)\n#define IS_DEBUG_VIEW_MISC_ENABLE_CSM_LAYER_COLORATION (cc_debug_view_mode.z > 0.0)\n#define IS_DEBUG_VIEW_COMPOSITE_ENABLE_DIRECT_DIFFUSE (cc_debug_view_composite_pack_1.x > 0.0)\n#define IS_DEBUG_VIEW_COMPOSITE_ENABLE_DIRECT_SPECULAR (cc_debug_view_composite_pack_1.y > 0.0)\n#define IS_DEBUG_VIEW_COMPOSITE_ENABLE_ENV_DIFFUSE (cc_debug_view_composite_pack_1.z > 0.0)\n#define IS_DEBUG_VIEW_COMPOSITE_ENABLE_ENV_SPECULAR (cc_debug_view_composite_pack_1.w > 0.0)\n#define IS_DEBUG_VIEW_COMPOSITE_ENABLE_EMISSIVE (cc_debug_view_composite_pack_2.x > 0.0)\n#define IS_DEBUG_VIEW_COMPOSITE_ENABLE_LIGHT_MAP (cc_debug_view_composite_pack_2.y > 0.0)\n#define IS_DEBUG_VIEW_COMPOSITE_ENABLE_SHADOW (cc_debug_view_composite_pack_2.z > 0.0)\n#define IS_DEBUG_VIEW_COMPOSITE_ENABLE_AO (cc_debug_view_composite_pack_2.w > 0.0)\n#define IS_DEBUG_VIEW_COMPOSITE_ENABLE_NORMAL_MAP (cc_debug_view_composite_pack_3.x > 0.0)\n#define IS_DEBUG_VIEW_COMPOSITE_ENABLE_FOG (cc_debug_view_composite_pack_3.y > 0.0)\n#define IS_DEBUG_VIEW_COMPOSITE_ENABLE_TONE_MAPPING (cc_debug_view_composite_pack_3.z > 0.0)\n#define IS_DEBUG_VIEW_COMPOSITE_ENABLE_GAMMA_CORRECTION (cc_debug_view_composite_pack_3.w > 0.0)\nvec4 CCFragOutput (vec4 color) {\n  return color;\n}\nlayout(location = 0) in vec2 v_uv;\nlayout(set = 1, binding = 2) uniform sampler2D mainTexture;\nvec4 frag () {\n  return CCFragOutput(texture(mainTexture, v_uv));\n}\nlayout(location = 0) out vec4 cc_FragColor;\nvoid main() { cc_FragColor = frag(); }"},"builtins":{"globals":{"blocks":[{"name":"CCGlobal","defines":[]},{"name":"CCCamera","defines":[]}],"samplerTextures":[],"buffers":[],"images":[]},"locals":{"blocks":[],"samplerTextures":[],"buffers":[],"images":[]},"statistics":{"CC_EFFECT_USED_VERTEX_UNIFORM_VECTORS":65,"CC_EFFECT_USED_FRAGMENT_UNIFORM_VECTORS":44}},"defines":[]}],[{"passes":[{"program":"util/profiler|profiler-vs:vert|profiler-fs:frag","priority":255,"blendState":{"targets":[{"blend":true,"blendSrc":2,"blendDst":4,"blendDstAlpha":4}]},"rasterizerState":{"cullMode":0},"depthStencilState":{"depthTest":false,"depthWrite":false}}]}]]],0,0,[],[],[]],[[[0,"default-clear-stencil",[{}],[{"rasterizerState":{},"depthStencilState":{},"blendState":{"targets":[{}]}}],[{"USE_TEXTURE":false}]]],0,0,[0],[0],[2]],[[[1,"pipeline/planar-shadow",[{"hash":62748889,"name":"pipeline/planar-shadow|planar-shadow-vs:vert|planar-shadow-fs:frag","blocks":[],"samplerTextures":[],"samplers":[],"textures":[],"buffers":[],"images":[],"subpassInputs":[],"attributes":[{"name":"a_position","format":32,"location":0,"defines":[]},{"name":"a_normal","format":32,"location":1,"defines":[]},{"name":"a_texCoord","format":21,"location":2,"defines":[]},{"name":"a_tangent","format":44,"location":3,"defines":[]},{"name":"a_joints","location":4,"defines":["CC_USE_SKINNING"]},{"name":"a_weights","format":44,"location":5,"defines":["CC_USE_SKINNING"]},{"name":"a_jointAnimInfo","format":44,"isInstanced":true,"location":6,"defines":["USE_INSTANCING","CC_USE_BAKED_ANIMATION"]},{"name":"a_matWorld0","format":44,"isInstanced":true,"location":7,"defines":["USE_INSTANCING"]},{"name":"a_matWorld1","format":44,"isInstanced":true,"location":8,"defines":["USE_INSTANCING"]},{"name":"a_matWorld2","format":44,"isInstanced":true,"location":9,"defines":["USE_INSTANCING"]},{"name":"a_lightingMapUVParam","format":44,"isInstanced":true,"location":10,"defines":["USE_INSTANCING","CC_USE_LIGHTMAP"]},{"name":"a_localShadowBias","format":21,"isInstanced":true,"location":11,"defines":["USE_INSTANCING","CC_RECEIVE_SHADOW"]},{"name":"a_dyn_batch_id","format":11,"location":12,"defines":["!USE_INSTANCING","USE_BATCHING"]},{"name":"a_vertexId","format":11,"location":13,"defines":["CC_USE_MORPH"]}],"fragColors":[{"name":"cc_FragColor","typename":"vec4","type":16,"count":1,"stageFlags":16,"location":0,"defines":[]}],"glsl4":{"vert":"#extension GL_EXT_shader_explicit_arithmetic_types_int32: require\nprecision highp float;\n#define QUATER_PI         0.78539816340\n#define HALF_PI           1.57079632679\n#define PI                3.14159265359\n#define PI2               6.28318530718\n#define PI4               12.5663706144\n#define INV_QUATER_PI     1.27323954474\n#define INV_HALF_PI       0.63661977237\n#define INV_PI            0.31830988618\n#define INV_PI2           0.15915494309\n#define INV_PI4           0.07957747155\n#define EPSILON           1e-6\n#define EPSILON_LOWP      1e-4\n#define LOG2              1.442695\n#define EXP_VALUE         2.71828183f\n#define FP_MAX            65504.0\n#define FP_SCALE          0.0009765625\n#define FP_SCALE_INV      1024.0\n#define GRAY_VECTOR       vec3(0.299, 0.587, 0.114)\nhighp float decode32 (highp vec4 rgba) {\n  rgba = rgba * 255.0;\n  highp float Sign = 1.0 - (step(128.0, (rgba[3]) + 0.5)) * 2.0;\n  highp float Exponent = 2.0 * (mod(float(int((rgba[3]) + 0.5)), 128.0)) + (step(128.0, (rgba[2]) + 0.5)) - 127.0;\n  highp float Mantissa = (mod(float(int((rgba[2]) + 0.5)), 128.0)) * 65536.0 + rgba[1] * 256.0 + rgba[0] + 8388608.0;\n  return Sign * exp2(Exponent - 23.0) * Mantissa;\n}\nstruct StandardVertInput {\n  highp vec4 position;\n  vec3 normal;\n  vec4 tangent;\n};\nlayout(location = 0) in vec3 a_position;\nlayout(location = 1) in vec3 a_normal;\nlayout(location = 2) in vec2 a_texCoord;\nlayout(location = 3) in vec4 a_tangent;\n#if CC_USE_SKINNING\n    layout(location = 4) in u32vec4 a_joints;\n  layout(location = 5) in vec4 a_weights;\n#endif\n#if USE_INSTANCING\n  #if CC_USE_BAKED_ANIMATION\n    layout(location = 6) in highp vec4 a_jointAnimInfo;\n  #endif\n  layout(location = 7) in vec4 a_matWorld0;\n  layout(location = 8) in vec4 a_matWorld1;\n  layout(location = 9) in vec4 a_matWorld2;\n  #if CC_USE_LIGHTMAP\n    layout(location = 10) in vec4 a_lightingMapUVParam;\n  #endif\n  #if CC_RECEIVE_SHADOW\n    layout(location = 11) in vec2 a_localShadowBias;\n  #endif\n#elif USE_BATCHING\n  layout(location = 12) in float a_dyn_batch_id;\n#endif\n#if CC_USE_MORPH\n    int getVertexId() {\n      return gl_VertexIndex;\n    }\n#endif\n#if CC_USE_MORPH\n  layout(set = 2, binding = 4) uniform CCMorph {\n    vec4 cc_displacementWeights[15];\n    vec4 cc_displacementTextureInfo;\n  };\n  #if CC_MORPH_TARGET_HAS_POSITION\n    layout(set = 2, binding = 7) uniform sampler2D cc_PositionDisplacements;\n  #endif\n  #if CC_MORPH_TARGET_HAS_NORMAL\n    layout(set = 2, binding = 8) uniform sampler2D cc_NormalDisplacements;\n  #endif\n  #if CC_MORPH_TARGET_HAS_TANGENT\n    layout(set = 2, binding = 9) uniform sampler2D cc_TangentDisplacements;\n  #endif\n  vec2 getPixelLocation(vec2 textureResolution, int pixelIndex) {\n    float pixelIndexF = float(pixelIndex);\n    float x = mod(pixelIndexF, textureResolution.x);\n    float y = floor(pixelIndexF / textureResolution.x);\n    return vec2(x, y);\n  }\n  vec2 getPixelCoordFromLocation(vec2 location, vec2 textureResolution) {\n    return (vec2(location.x, location.y) + .5) / textureResolution;\n  }\n  #if CC_DEVICE_SUPPORT_FLOAT_TEXTURE\n      vec4 fetchVec3ArrayFromTexture(sampler2D tex, int pixelIndex) {\n        ivec2 texSize = textureSize(tex, 0);\n        return texelFetch(tex, ivec2(pixelIndex % texSize.x, pixelIndex / texSize.x), 0);\n      }\n  #else\n    vec4 fetchVec3ArrayFromTexture(sampler2D tex, int elementIndex) {\n      int pixelIndex = elementIndex * 4;\n      vec2 location = getPixelLocation(cc_displacementTextureInfo.xy, pixelIndex);\n      vec2 x = getPixelCoordFromLocation(location + vec2(0.0, 0.0), cc_displacementTextureInfo.xy);\n      vec2 y = getPixelCoordFromLocation(location + vec2(1.0, 0.0), cc_displacementTextureInfo.xy);\n      vec2 z = getPixelCoordFromLocation(location + vec2(2.0, 0.0), cc_displacementTextureInfo.xy);\n      return vec4(\n        decode32(texture(tex, x)),\n        decode32(texture(tex, y)),\n        decode32(texture(tex, z)),\n        1.0\n      );\n    }\n  #endif\n  float getDisplacementWeight(int index) {\n    int quot = index / 4;\n    int remainder = index - quot * 4;\n    if (remainder == 0) {\n      return cc_displacementWeights[quot].x;\n    } else if (remainder == 1) {\n      return cc_displacementWeights[quot].y;\n    } else if (remainder == 2) {\n      return cc_displacementWeights[quot].z;\n    } else {\n      return cc_displacementWeights[quot].w;\n    }\n  }\n  vec3 getVec3DisplacementFromTexture(sampler2D tex, int vertexIndex) {\n  #if CC_MORPH_PRECOMPUTED\n    return fetchVec3ArrayFromTexture(tex, vertexIndex).rgb;\n  #else\n    vec3 result = vec3(0, 0, 0);\n    int nVertices = int(cc_displacementTextureInfo.z);\n    for (int iTarget = 0; iTarget < CC_MORPH_TARGET_COUNT; ++iTarget) {\n      result += (fetchVec3ArrayFromTexture(tex, nVertices * iTarget + vertexIndex).rgb * getDisplacementWeight(iTarget));\n    }\n    return result;\n  #endif\n  }\n  #if CC_MORPH_TARGET_HAS_POSITION\n  vec3 getPositionDisplacement(int vertexId) {\n      return getVec3DisplacementFromTexture(cc_PositionDisplacements, vertexId);\n  }\n  #endif\n  #if CC_MORPH_TARGET_HAS_NORMAL\n  vec3 getNormalDisplacement(int vertexId) {\n      return getVec3DisplacementFromTexture(cc_NormalDisplacements, vertexId);\n  }\n  #endif\n  #if CC_MORPH_TARGET_HAS_TANGENT\n  vec3 getTangentDisplacement(int vertexId) {\n      return getVec3DisplacementFromTexture(cc_TangentDisplacements, vertexId);\n  }\n  #endif\n  void applyMorph (inout vec4 position, inout vec3 normal, inout vec4 tangent) {\n    int vertexId = getVertexId();\n  #if CC_MORPH_TARGET_HAS_POSITION\n    position.xyz = position.xyz + getPositionDisplacement(vertexId);\n  #endif\n  #if CC_MORPH_TARGET_HAS_NORMAL\n    normal.xyz = normal.xyz + getNormalDisplacement(vertexId);\n  #endif\n  #if CC_MORPH_TARGET_HAS_TANGENT\n    tangent.xyz = tangent.xyz + getTangentDisplacement(vertexId);\n  #endif\n  }\n  void applyMorph (inout vec4 position) {\n  #if CC_MORPH_TARGET_HAS_POSITION\n    position.xyz = position.xyz + getPositionDisplacement(getVertexId());\n  #endif\n  }\n#endif\n#if CC_USE_SKINNING\n  #if CC_USE_BAKED_ANIMATION\n    layout(set = 2, binding = 3) uniform CCSkinningTexture {\n      highp vec4 cc_jointTextureInfo;\n    };\n    layout(set = 2, binding = 2) uniform CCSkinningAnimation {\n      highp vec4 cc_jointAnimInfo;\n    };\n    layout(set = 2, binding = 6) uniform highp sampler2D cc_jointTexture;\n    void CCGetJointTextureCoords(float pixelsPerJoint, float jointIdx, out highp float x, out highp float y, out highp float invSize)\n    {\n      #if USE_INSTANCING\n        highp float temp = pixelsPerJoint * (a_jointAnimInfo.x * a_jointAnimInfo.y + jointIdx) + a_jointAnimInfo.z;\n      #else\n        highp float temp = pixelsPerJoint * (cc_jointAnimInfo.x * cc_jointTextureInfo.y + jointIdx) + cc_jointTextureInfo.z;\n      #endif\n      invSize = cc_jointTextureInfo.w;\n      highp float tempY = floor(temp * invSize);\n      x = floor(temp - tempY * cc_jointTextureInfo.x);\n      y = (tempY + 0.5) * invSize;\n    }\n  #else\n    #if CC_USE_REAL_TIME_JOINT_TEXTURE\n      layout(set = 2, binding = 6) uniform highp sampler2D cc_realtimeJoint;\n    #else\n      layout(set = 2, binding = 3) uniform CCSkinning {\n        highp vec4 cc_joints[CC_JOINT_UNIFORM_CAPACITY * 3];\n      };\n    #endif\n  #endif\n  #if CC_USE_BAKED_ANIMATION\n    #if CC_DEVICE_SUPPORT_FLOAT_TEXTURE\n      mat4 getJointMatrix (float i) {\n        highp float x, y, invSize;\n        CCGetJointTextureCoords(3.0, i, x, y, invSize);\n        vec4 v1 = texture(cc_jointTexture, vec2((x + 0.5) * invSize, y));\n        vec4 v2 = texture(cc_jointTexture, vec2((x + 1.5) * invSize, y));\n        vec4 v3 = texture(cc_jointTexture, vec2((x + 2.5) * invSize, y));\n        return mat4(vec4(v1.xyz, 0.0), vec4(v2.xyz, 0.0), vec4(v3.xyz, 0.0), vec4(v1.w, v2.w, v3.w, 1.0));\n      }\n    #else\n      mat4 getJointMatrix (float i) {\n        highp float x, y, invSize;\n        CCGetJointTextureCoords(12.0, i, x, y, invSize);\n        vec4 v1 = vec4(\n          decode32(texture(cc_jointTexture, vec2((x + 0.5) * invSize, y))),\n          decode32(texture(cc_jointTexture, vec2((x + 1.5) * invSize, y))),\n          decode32(texture(cc_jointTexture, vec2((x + 2.5) * invSize, y))),\n          decode32(texture(cc_jointTexture, vec2((x + 3.5) * invSize, y)))\n        );\n        vec4 v2 = vec4(\n          decode32(texture(cc_jointTexture, vec2((x + 4.5) * invSize, y))),\n          decode32(texture(cc_jointTexture, vec2((x + 5.5) * invSize, y))),\n          decode32(texture(cc_jointTexture, vec2((x + 6.5) * invSize, y))),\n          decode32(texture(cc_jointTexture, vec2((x + 7.5) * invSize, y)))\n        );\n        vec4 v3 = vec4(\n          decode32(texture(cc_jointTexture, vec2((x + 8.5) * invSize, y))),\n          decode32(texture(cc_jointTexture, vec2((x + 9.5) * invSize, y))),\n          decode32(texture(cc_jointTexture, vec2((x + 10.5) * invSize, y))),\n          decode32(texture(cc_jointTexture, vec2((x + 11.5) * invSize, y)))\n        );\n        return mat4(vec4(v1.xyz, 0.0), vec4(v2.xyz, 0.0), vec4(v3.xyz, 0.0), vec4(v1.w, v2.w, v3.w, 1.0));\n      }\n    #endif\n  #else\n    #if CC_USE_REAL_TIME_JOINT_TEXTURE\n      #if CC_DEVICE_SUPPORT_FLOAT_TEXTURE\n        mat4 getJointMatrix (float i) {\n          float x = i;\n          vec4 v1 = texture(cc_realtimeJoint, vec2( x / 256.0, 0.5 / 3.0));\n          vec4 v2 = texture(cc_realtimeJoint, vec2( x / 256.0, 1.5 / 3.0));\n          vec4 v3 = texture(cc_realtimeJoint, vec2( x / 256.0, 2.5 / 3.0));\n          return mat4(vec4(v1.xyz, 0.0), vec4(v2.xyz, 0.0), vec4(v3.xyz, 0.0), vec4(v1.w, v2.w, v3.w, 1.0));\n        }\n      #else\n        mat4 getJointMatrix (float i) {\n         float x = 4.0 * i;\n          vec4 v1 = vec4(\n            decode32(texture(cc_realtimeJoint, vec2((x + 0.5)/ 1024.0, 0.5 / 3.0))),\n            decode32(texture(cc_realtimeJoint, vec2((x + 1.5)/ 1024.0, 0.5 / 3.0))),\n            decode32(texture(cc_realtimeJoint, vec2((x + 2.5)/ 1024.0, 0.5 / 3.0))),\n            decode32(texture(cc_realtimeJoint, vec2((x + 3.5)/ 1024.0, 0.5 / 3.0)))\n          );\n          vec4 v2 = vec4(\n            decode32(texture(cc_realtimeJoint, vec2((x + 0.5)/ 1024.0, 1.5 / 3.0))),\n            decode32(texture(cc_realtimeJoint, vec2((x + 1.5)/ 1024.0, 1.5 / 3.0))),\n            decode32(texture(cc_realtimeJoint, vec2((x + 2.5)/ 1024.0, 1.5 / 3.0))),\n            decode32(texture(cc_realtimeJoint, vec2((x + 3.5)/ 1024.0, 1.5 / 3.0)))\n          );\n          vec4 v3 = vec4(\n            decode32(texture(cc_realtimeJoint, vec2((x + 0.5)/ 1024.0, 2.5 / 3.0))),\n            decode32(texture(cc_realtimeJoint, vec2((x + 1.5)/ 1024.0, 2.5 / 3.0))),\n            decode32(texture(cc_realtimeJoint, vec2((x + 2.5)/ 1024.0, 2.5 / 3.0))),\n            decode32(texture(cc_realtimeJoint, vec2((x + 3.5)/ 1024.0, 2.5 / 3.0)))\n          );\n          return mat4(vec4(v1.xyz, 0.0), vec4(v2.xyz, 0.0), vec4(v3.xyz, 0.0), vec4(v1.w, v2.w, v3.w, 1.0));\n        }\n      #endif\n    #else\n      mat4 getJointMatrix (float i) {\n        int idx = int(i);\n        vec4 v1 = cc_joints[idx * 3];\n        vec4 v2 = cc_joints[idx * 3 + 1];\n        vec4 v3 = cc_joints[idx * 3 + 2];\n        return mat4(vec4(v1.xyz, 0.0), vec4(v2.xyz, 0.0), vec4(v3.xyz, 0.0), vec4(v1.w, v2.w, v3.w, 1.0));\n      }\n    #endif\n  #endif\n  mat4 skinMatrix () {\n    vec4 joints = vec4(a_joints);\n    return getJointMatrix(joints.x) * a_weights.x\n         + getJointMatrix(joints.y) * a_weights.y\n         + getJointMatrix(joints.z) * a_weights.z\n         + getJointMatrix(joints.w) * a_weights.w;\n  }\n  void CCSkin (inout vec4 position) {\n    mat4 m = skinMatrix();\n    position = m * position;\n  }\n  void CCSkin (inout vec4 position, inout vec3 normal, inout vec4 tangent) {\n    mat4 m = skinMatrix();\n    position = m * position;\n    normal = (m * vec4(normal, 0.0)).xyz;\n    tangent.xyz = (m * vec4(tangent.xyz, 0.0)).xyz;\n  }\n#endif\nvoid CCVertInput(inout vec4 In)\n{\n    In = vec4(a_position, 1.0);\n  #if CC_USE_MORPH\n    applyMorph(In);\n  #endif\n  #if CC_USE_SKINNING\n    CCSkin(In);\n  #endif\n}\nlayout(set = 0, binding = 0) uniform CCGlobal {\n  highp   vec4 cc_time;\n  mediump vec4 cc_screenSize;\n  mediump vec4 cc_nativeSize;\n  mediump vec4 cc_debug_view_mode;\n  mediump vec4 cc_debug_view_composite_pack_1;\n  mediump vec4 cc_debug_view_composite_pack_2;\n  mediump vec4 cc_debug_view_composite_pack_3;\n};\nlayout(set = 0, binding = 1) uniform CCCamera {\n  highp   mat4 cc_matView;\n  highp   mat4 cc_matViewInv;\n  highp   mat4 cc_matProj;\n  highp   mat4 cc_matProjInv;\n  highp   mat4 cc_matViewProj;\n  highp   mat4 cc_matViewProjInv;\n  highp   vec4 cc_cameraPos;\n  mediump vec4 cc_surfaceTransform;\n  mediump vec4 cc_screenScale;\n  mediump vec4 cc_exposure;\n  mediump vec4 cc_mainLitDir;\n  mediump vec4 cc_mainLitColor;\n  mediump vec4 cc_ambientSky;\n  mediump vec4 cc_ambientGround;\n  mediump vec4 cc_fogColor;\n  mediump vec4 cc_fogBase;\n  mediump vec4 cc_fogAdd;\n  mediump vec4 cc_nearFar;\n  mediump vec4 cc_viewPort;\n};\n#if !USE_INSTANCING\n  #if USE_BATCHING\n    layout(set = 2, binding = 0) uniform CCLocalBatched {\n      highp mat4 cc_matWorlds[10];\n    };\n  #else\n    layout(set = 2, binding = 0) uniform CCLocal {\n      highp mat4 cc_matWorld;\n      highp mat4 cc_matWorldIT;\n      highp vec4 cc_lightingMapUVParam;\n      highp vec4 cc_localShadowBias;\n    };\n  #endif\n#endif\nvoid CCGetWorldMatrix(out mat4 matWorld)\n{\n  #if USE_INSTANCING\n    matWorld = mat4(\n      vec4(a_matWorld0.xyz, 0.0),\n      vec4(a_matWorld1.xyz, 0.0),\n      vec4(a_matWorld2.xyz, 0.0),\n      vec4(a_matWorld0.w, a_matWorld1.w, a_matWorld2.w, 1.0)\n    );\n  #elif USE_BATCHING\n    matWorld = cc_matWorlds[int(a_dyn_batch_id)];\n  #else\n    matWorld = cc_matWorld;\n  #endif\n}\nlayout(set = 0, binding = 2) uniform CCShadow {\n  highp mat4 cc_matLightView;\n  highp mat4 cc_matLightViewProj;\n  highp vec4 cc_shadowInvProjDepthInfo;\n  highp vec4 cc_shadowProjDepthInfo;\n  highp vec4 cc_shadowProjInfo;\n  mediump vec4 cc_shadowNFLSInfo;\n  mediump vec4 cc_shadowWHPBInfo;\n  mediump vec4 cc_shadowLPNNInfo;\n  lowp vec4 cc_shadowColor;\n  mediump vec4 cc_planarNDInfo;\n};\nlayout(location = 0) out float v_dist;\nvec4 vert () {\n  vec4 position;\n  CCVertInput(position);\n  mat4 matWorld;\n  CCGetWorldMatrix(matWorld);\n  vec3 P = (matWorld * position).xyz;\n  vec3 L = cc_mainLitDir.xyz;\n  vec3 N = cc_planarNDInfo.xyz;\n  float d = cc_planarNDInfo.w + 0.001;\n  float dist = (-d - dot(P, N)) / (dot(L, N) + 0.0001);\n  vec3 shadowPos = P + L * dist;\n  vec3 view = normalize(cc_cameraPos.xyz - shadowPos);\n  float viewLength = length(cc_cameraPos.xyz - shadowPos);\n  shadowPos += view * min(1.0, 0.005 * viewLength);\n  position = cc_matProj * cc_matView * vec4(shadowPos, 1.0);\n  v_dist = dist;\n  return position;\n}\nvoid main() { gl_Position = vert(); }","frag":"\nprecision highp float;\nlayout(set = 0, binding = 2) uniform CCShadow {\n  highp mat4 cc_matLightView;\n  highp mat4 cc_matLightViewProj;\n  highp vec4 cc_shadowInvProjDepthInfo;\n  highp vec4 cc_shadowProjDepthInfo;\n  highp vec4 cc_shadowProjInfo;\n  mediump vec4 cc_shadowNFLSInfo;\n  mediump vec4 cc_shadowWHPBInfo;\n  mediump vec4 cc_shadowLPNNInfo;\n  lowp vec4 cc_shadowColor;\n  mediump vec4 cc_planarNDInfo;\n};\nlayout(set = 0, binding = 0) uniform CCGlobal {\n  highp   vec4 cc_time;\n  mediump vec4 cc_screenSize;\n  mediump vec4 cc_nativeSize;\n  mediump vec4 cc_debug_view_mode;\n  mediump vec4 cc_debug_view_composite_pack_1;\n  mediump vec4 cc_debug_view_composite_pack_2;\n  mediump vec4 cc_debug_view_composite_pack_3;\n};\nlayout(set = 0, binding = 1) uniform CCCamera {\n  highp   mat4 cc_matView;\n  highp   mat4 cc_matViewInv;\n  highp   mat4 cc_matProj;\n  highp   mat4 cc_matProjInv;\n  highp   mat4 cc_matViewProj;\n  highp   mat4 cc_matViewProjInv;\n  highp   vec4 cc_cameraPos;\n  mediump vec4 cc_surfaceTransform;\n  mediump vec4 cc_screenScale;\n  mediump vec4 cc_exposure;\n  mediump vec4 cc_mainLitDir;\n  mediump vec4 cc_mainLitColor;\n  mediump vec4 cc_ambientSky;\n  mediump vec4 cc_ambientGround;\n  mediump vec4 cc_fogColor;\n  mediump vec4 cc_fogBase;\n  mediump vec4 cc_fogAdd;\n  mediump vec4 cc_nearFar;\n  mediump vec4 cc_viewPort;\n};\n#define CC_SURFACES_DEBUG_VIEW_VERTEX_COLOR 1\n#define CC_SURFACES_DEBUG_VIEW_VERTEX_NORMAL CC_SURFACES_DEBUG_VIEW_VERTEX_COLOR + 1\n#define CC_SURFACES_DEBUG_VIEW_VERTEX_TANGENT CC_SURFACES_DEBUG_VIEW_VERTEX_NORMAL + 1\n#define CC_SURFACES_DEBUG_VIEW_WORLD_POS CC_SURFACES_DEBUG_VIEW_VERTEX_TANGENT + 1\n#define CC_SURFACES_DEBUG_VIEW_VERTEX_MIRROR CC_SURFACES_DEBUG_VIEW_WORLD_POS + 1\n#define CC_SURFACES_DEBUG_VIEW_FACE_SIDE CC_SURFACES_DEBUG_VIEW_VERTEX_MIRROR + 1\n#define CC_SURFACES_DEBUG_VIEW_UV0 CC_SURFACES_DEBUG_VIEW_FACE_SIDE + 1\n#define CC_SURFACES_DEBUG_VIEW_UV1 CC_SURFACES_DEBUG_VIEW_UV0 + 1\n#define CC_SURFACES_DEBUG_VIEW_UVLIGHTMAP CC_SURFACES_DEBUG_VIEW_UV1 + 1\n#define CC_SURFACES_DEBUG_VIEW_PROJ_DEPTH CC_SURFACES_DEBUG_VIEW_UVLIGHTMAP + 1\n#define CC_SURFACES_DEBUG_VIEW_LINEAR_DEPTH CC_SURFACES_DEBUG_VIEW_PROJ_DEPTH + 1\n#define CC_SURFACES_DEBUG_VIEW_FRAGMENT_NORMAL CC_SURFACES_DEBUG_VIEW_LINEAR_DEPTH + 1\n#define CC_SURFACES_DEBUG_VIEW_FRAGMENT_TANGENT CC_SURFACES_DEBUG_VIEW_FRAGMENT_NORMAL + 1\n#define CC_SURFACES_DEBUG_VIEW_FRAGMENT_BINORMAL CC_SURFACES_DEBUG_VIEW_FRAGMENT_TANGENT + 1\n#define CC_SURFACES_DEBUG_VIEW_BASE_COLOR CC_SURFACES_DEBUG_VIEW_FRAGMENT_BINORMAL + 1\n#define CC_SURFACES_DEBUG_VIEW_DIFFUSE_COLOR CC_SURFACES_DEBUG_VIEW_BASE_COLOR + 1\n#define CC_SURFACES_DEBUG_VIEW_SPECULAR_COLOR CC_SURFACES_DEBUG_VIEW_DIFFUSE_COLOR + 1\n#define CC_SURFACES_DEBUG_VIEW_TRANSPARENCY CC_SURFACES_DEBUG_VIEW_SPECULAR_COLOR + 1\n#define CC_SURFACES_DEBUG_VIEW_METALLIC CC_SURFACES_DEBUG_VIEW_TRANSPARENCY + 1\n#define CC_SURFACES_DEBUG_VIEW_ROUGHNESS CC_SURFACES_DEBUG_VIEW_METALLIC + 1\n#define CC_SURFACES_DEBUG_VIEW_SPECULAR_INTENSITY CC_SURFACES_DEBUG_VIEW_ROUGHNESS + 1\n#define CC_SURFACES_DEBUG_VIEW_DIRECT_DIFFUSE CC_SURFACES_DEBUG_VIEW_SPECULAR_INTENSITY + 1\n#define CC_SURFACES_DEBUG_VIEW_DIRECT_SPECULAR CC_SURFACES_DEBUG_VIEW_DIRECT_DIFFUSE + 1\n#define CC_SURFACES_DEBUG_VIEW_DIRECT_ALL CC_SURFACES_DEBUG_VIEW_DIRECT_SPECULAR + 1\n#define CC_SURFACES_DEBUG_VIEW_ENV_DIFFUSE CC_SURFACES_DEBUG_VIEW_DIRECT_ALL + 1\n#define CC_SURFACES_DEBUG_VIEW_ENV_SPECULAR CC_SURFACES_DEBUG_VIEW_ENV_DIFFUSE + 1\n#define CC_SURFACES_DEBUG_VIEW_ENV_ALL CC_SURFACES_DEBUG_VIEW_ENV_SPECULAR + 1\n#define CC_SURFACES_DEBUG_VIEW_EMISSIVE CC_SURFACES_DEBUG_VIEW_ENV_ALL + 1\n#define CC_SURFACES_DEBUG_VIEW_LIGHT_MAP CC_SURFACES_DEBUG_VIEW_EMISSIVE + 1\n#define CC_SURFACES_DEBUG_VIEW_SHADOW CC_SURFACES_DEBUG_VIEW_LIGHT_MAP + 1\n#define CC_SURFACES_DEBUG_VIEW_AO CC_SURFACES_DEBUG_VIEW_SHADOW + 1\n#define CC_SURFACES_DEBUG_VIEW_FOG CC_SURFACES_DEBUG_VIEW_AO + 1\n#define CC_SURFACES_DEBUG_VIEW_SINGLE 1\n#define CC_SURFACES_DEBUG_VIEW_COMPOSITE_AND_MISC 2\n#define IS_DEBUG_VIEW_LIGHTING_ENABLE_WITH_ALBEDO (cc_debug_view_mode.y > 0.0)\n#define IS_DEBUG_VIEW_MISC_ENABLE_CSM_LAYER_COLORATION (cc_debug_view_mode.z > 0.0)\n#define IS_DEBUG_VIEW_COMPOSITE_ENABLE_DIRECT_DIFFUSE (cc_debug_view_composite_pack_1.x > 0.0)\n#define IS_DEBUG_VIEW_COMPOSITE_ENABLE_DIRECT_SPECULAR (cc_debug_view_composite_pack_1.y > 0.0)\n#define IS_DEBUG_VIEW_COMPOSITE_ENABLE_ENV_DIFFUSE (cc_debug_view_composite_pack_1.z > 0.0)\n#define IS_DEBUG_VIEW_COMPOSITE_ENABLE_ENV_SPECULAR (cc_debug_view_composite_pack_1.w > 0.0)\n#define IS_DEBUG_VIEW_COMPOSITE_ENABLE_EMISSIVE (cc_debug_view_composite_pack_2.x > 0.0)\n#define IS_DEBUG_VIEW_COMPOSITE_ENABLE_LIGHT_MAP (cc_debug_view_composite_pack_2.y > 0.0)\n#define IS_DEBUG_VIEW_COMPOSITE_ENABLE_SHADOW (cc_debug_view_composite_pack_2.z > 0.0)\n#define IS_DEBUG_VIEW_COMPOSITE_ENABLE_AO (cc_debug_view_composite_pack_2.w > 0.0)\n#define IS_DEBUG_VIEW_COMPOSITE_ENABLE_NORMAL_MAP (cc_debug_view_composite_pack_3.x > 0.0)\n#define IS_DEBUG_VIEW_COMPOSITE_ENABLE_FOG (cc_debug_view_composite_pack_3.y > 0.0)\n#define IS_DEBUG_VIEW_COMPOSITE_ENABLE_TONE_MAPPING (cc_debug_view_composite_pack_3.z > 0.0)\n#define IS_DEBUG_VIEW_COMPOSITE_ENABLE_GAMMA_CORRECTION (cc_debug_view_composite_pack_3.w > 0.0)\nvec4 CCFragOutput (vec4 color) {\n  return color;\n}\nlayout(location = 0) in float v_dist;\nvec4 frag () {\n  if(v_dist < 0.0)\n    discard;\n  return CCFragOutput(cc_shadowColor);\n}\nlayout(location = 0) out vec4 cc_FragColor;\nvoid main() { cc_FragColor = frag(); }"},"builtins":{"globals":{"blocks":[{"name":"CCGlobal","defines":[]},{"name":"CCCamera","defines":[]},{"name":"CCShadow","defines":[]}],"samplerTextures":[],"buffers":[],"images":[]},"locals":{"blocks":[{"name":"CCMorph","defines":["CC_USE_MORPH"]},{"name":"CCSkinningTexture","defines":["CC_USE_SKINNING","CC_USE_BAKED_ANIMATION"]},{"name":"CCSkinningAnimation","defines":["CC_USE_SKINNING","CC_USE_BAKED_ANIMATION"]},{"name":"CCSkinning","defines":["CC_USE_SKINNING","!CC_USE_BAKED_ANIMATION","!CC_USE_REAL_TIME_JOINT_TEXTURE"]},{"name":"CCLocalBatched","defines":["!USE_INSTANCING","USE_BATCHING"]},{"name":"CCLocal","defines":["!USE_INSTANCING","!USE_BATCHING"]}],"samplerTextures":[{"name":"cc_PositionDisplacements","defines":["CC_USE_MORPH","CC_MORPH_TARGET_HAS_POSITION"]},{"name":"cc_NormalDisplacements","defines":["CC_USE_MORPH","CC_MORPH_TARGET_HAS_NORMAL"]},{"name":"cc_TangentDisplacements","defines":["CC_USE_MORPH","CC_MORPH_TARGET_HAS_TANGENT"]},{"name":"cc_jointTexture","defines":["CC_USE_SKINNING","CC_USE_BAKED_ANIMATION"]},{"name":"cc_realtimeJoint","defines":["CC_USE_SKINNING","!CC_USE_BAKED_ANIMATION","CC_USE_REAL_TIME_JOINT_TEXTURE"]}],"buffers":[],"images":[]},"statistics":{"CC_EFFECT_USED_VERTEX_UNIFORM_VECTORS":128,"CC_EFFECT_USED_FRAGMENT_UNIFORM_VECTORS":60}},"defines":[{"name":"USE_INSTANCING","type":"boolean"},{"name":"USE_BATCHING","type":"boolean"},{"name":"CC_USE_SKINNING","type":"boolean"},{"name":"CC_USE_BAKED_ANIMATION","type":"boolean"},{"name":"CC_USE_LIGHTMAP","type":"boolean"},{"name":"CC_RECEIVE_SHADOW","type":"boolean"},{"name":"CC_USE_MORPH","type":"boolean"},{"name":"CC_MORPH_TARGET_COUNT","type":"number","range":[2,8]},{"name":"CC_MORPH_TARGET_HAS_POSITION","type":"boolean"},{"name":"CC_MORPH_TARGET_HAS_NORMAL","type":"boolean"},{"name":"CC_MORPH_TARGET_HAS_TANGENT","type":"boolean"},{"name":"CC_MORPH_PRECOMPUTED","type":"boolean"},{"name":"CC_USE_REAL_TIME_JOINT_TEXTURE","type":"boolean"}]}],[{"passes":[{"phase":"planarShadow","program":"pipeline/planar-shadow|planar-shadow-vs:vert|planar-shadow-fs:frag","blendState":{"targets":[{"blend":true,"blendSrc":2,"blendDst":4,"blendDstAlpha":4}]},"depthStencilState":{"depthTest":true,"depthWrite":false,"stencilTestFront":true,"stencilFuncFront":5,"stencilPassOpFront":2,"stencilRefBack":128,"stencilRefFront":128,"stencilReadMaskBack":128,"stencilReadMaskFront":128,"stencilWriteMaskBack":128,"stencilWriteMaskFront":128}}]}]]],0,0,[],[],[]],[[[1,"util/splash-screen",[{"hash":3189094080,"name":"util/splash-screen|splash-screen-vs:vert|splash-screen-fs:frag","blocks":[{"name":"Constant","stageFlags":1,"binding":0,"members":[{"name":"u_buffer0","type":16,"count":1},{"name":"u_buffer1","type":16,"count":1},{"name":"u_projection","type":25,"count":1}],"defines":[]},{"name":"Factor","stageFlags":16,"binding":1,"members":[{"name":"u_percent","type":13,"count":1}],"defines":[]}],"samplerTextures":[{"name":"mainTexture","type":28,"count":1,"stageFlags":16,"binding":2,"defines":[]}],"samplers":[],"textures":[],"buffers":[],"images":[],"subpassInputs":[],"attributes":[{"name":"a_position","format":21,"location":0,"defines":[]},{"name":"a_texCoord","format":21,"location":1,"defines":[]}],"fragColors":[{"name":"cc_FragColor","typename":"vec4","type":16,"count":1,"stageFlags":16,"location":0,"defines":[]}],"glsl4":{"vert":"\nprecision mediump float;\nlayout(location = 0) in vec2 a_position;\nlayout(location = 1) in vec2 a_texCoord;\nlayout(location = 0) out vec2 v_uv;\nlayout(set = 1, binding = 0) uniform Constant {\n  vec4 u_buffer0;\n  vec4 u_buffer1;\n  mat4 u_projection;\n};\nvec4 vert () {\n  vec2 worldPos = a_position * u_buffer1.xy + u_buffer1.zw;\n  vec2 clipSpace = worldPos / u_buffer0.xy * 2.0 - 1.0;\n  vec4 screenPos = u_projection * vec4(clipSpace, 0.0, 1.0);\n  v_uv = a_texCoord;\n  return screenPos;\n}\nvoid main() { gl_Position = vert(); }","frag":"\nprecision mediump float;\nlayout(location = 0) in vec2 v_uv;\nlayout(set = 1, binding = 1) uniform Factor {\n  float u_percent;\n};\nlayout(set = 1, binding = 2) uniform sampler2D mainTexture;\nvec4 frag () {\n  vec4 color = texture(mainTexture, v_uv);\n  float percent = clamp(u_percent, 0.0, 1.0);\n  color.xyz *= percent;\n  return color;\n}\nlayout(location = 0) out vec4 cc_FragColor;\nvoid main() { cc_FragColor = frag(); }"},"builtins":{"globals":{"blocks":[],"samplerTextures":[],"buffers":[],"images":[]},"locals":{"blocks":[],"samplerTextures":[],"buffers":[],"images":[]},"statistics":{"CC_EFFECT_USED_VERTEX_UNIFORM_VECTORS":6,"CC_EFFECT_USED_FRAGMENT_UNIFORM_VECTORS":1}},"defines":[]}],[{"name":"default","passes":[{"program":"util/splash-screen|splash-screen-vs:vert|splash-screen-fs:frag","blendState":{"targets":[{"blend":true,"blendSrc":2,"blendDst":4,"blendDstAlpha":4}]},"rasterizerState":{"cullMode":0},"depthStencilState":{"depthTest":false,"depthWrite":false},"properties":{"mainTexture":{"value":"grey","type":28},"resolution":{"type":14,"value":[640,960],"handleInfo":["u_buffer0",0,14]},"percent":{"type":13,"value":[0.5],"handleInfo":["u_percent",0,13]},"scale":{"type":14,"value":[200,500],"handleInfo":["u_buffer1",0,14]},"translate":{"type":14,"value":[320,480],"handleInfo":["u_buffer1",2,14]},"u_buffer0":{"type":16,"value":[640,960,0,0]},"u_percent":{"type":13,"value":[0.5]},"u_buffer1":{"type":16,"value":[200,500,320,480]}}}]}]]],0,0,[],[],[]],[[[1,"builtin-unlit",[{"hash":1606615393,"name":"builtin-unlit|unlit-vs:vert|unlit-fs:frag","blocks":[{"name":"TexCoords","stageFlags":1,"binding":0,"members":[{"name":"tilingOffset","type":16,"count":1}],"defines":["USE_TEXTURE"]},{"name":"Constant","stageFlags":16,"binding":1,"members":[{"name":"mainColor","type":16,"count":1},{"name":"colorScaleAndCutoff","type":16,"count":1}],"defines":[]}],"samplerTextures":[{"name":"mainTexture","type":28,"count":1,"stageFlags":16,"binding":2,"defines":["USE_TEXTURE"]}],"samplers":[],"textures":[],"buffers":[],"images":[],"subpassInputs":[],"attributes":[{"name":"a_position","format":32,"location":0,"defines":[]},{"name":"a_normal","format":32,"location":1,"defines":[]},{"name":"a_texCoord","format":21,"location":2,"defines":[]},{"name":"a_tangent","format":44,"location":3,"defines":[]},{"name":"a_joints","location":4,"defines":["CC_USE_SKINNING"]},{"name":"a_weights","format":44,"location":5,"defines":["CC_USE_SKINNING"]},{"name":"a_jointAnimInfo","format":44,"isInstanced":true,"location":6,"defines":["USE_INSTANCING","CC_USE_BAKED_ANIMATION"]},{"name":"a_matWorld0","format":44,"isInstanced":true,"location":7,"defines":["USE_INSTANCING"]},{"name":"a_matWorld1","format":44,"isInstanced":true,"location":8,"defines":["USE_INSTANCING"]},{"name":"a_matWorld2","format":44,"isInstanced":true,"location":9,"defines":["USE_INSTANCING"]},{"name":"a_lightingMapUVParam","format":44,"isInstanced":true,"location":10,"defines":["USE_INSTANCING","CC_USE_LIGHTMAP"]},{"name":"a_localShadowBias","format":21,"isInstanced":true,"location":11,"defines":["USE_INSTANCING","CC_RECEIVE_SHADOW"]},{"name":"a_dyn_batch_id","format":11,"location":12,"defines":["!USE_INSTANCING","USE_BATCHING"]},{"name":"a_vertexId","format":11,"location":13,"defines":["CC_USE_MORPH"]},{"name":"a_color","format":44,"location":14,"defines":["USE_VERTEX_COLOR"]}],"fragColors":[{"name":"cc_FragColor","typename":"vec4","type":16,"count":1,"stageFlags":16,"location":0,"defines":[]}],"glsl4":{"vert":"#extension GL_EXT_shader_explicit_arithmetic_types_int32: require\nprecision highp float;\n#define QUATER_PI         0.78539816340\n#define HALF_PI           1.57079632679\n#define PI                3.14159265359\n#define PI2               6.28318530718\n#define PI4               12.5663706144\n#define INV_QUATER_PI     1.27323954474\n#define INV_HALF_PI       0.63661977237\n#define INV_PI            0.31830988618\n#define INV_PI2           0.15915494309\n#define INV_PI4           0.07957747155\n#define EPSILON           1e-6\n#define EPSILON_LOWP      1e-4\n#define LOG2              1.442695\n#define EXP_VALUE         2.71828183f\n#define FP_MAX            65504.0\n#define FP_SCALE          0.0009765625\n#define FP_SCALE_INV      1024.0\n#define GRAY_VECTOR       vec3(0.299, 0.587, 0.114)\nhighp float decode32 (highp vec4 rgba) {\n  rgba = rgba * 255.0;\n  highp float Sign = 1.0 - (step(128.0, (rgba[3]) + 0.5)) * 2.0;\n  highp float Exponent = 2.0 * (mod(float(int((rgba[3]) + 0.5)), 128.0)) + (step(128.0, (rgba[2]) + 0.5)) - 127.0;\n  highp float Mantissa = (mod(float(int((rgba[2]) + 0.5)), 128.0)) * 65536.0 + rgba[1] * 256.0 + rgba[0] + 8388608.0;\n  return Sign * exp2(Exponent - 23.0) * Mantissa;\n}\nstruct StandardVertInput {\n  highp vec4 position;\n  vec3 normal;\n  vec4 tangent;\n};\nlayout(location = 0) in vec3 a_position;\nlayout(location = 1) in vec3 a_normal;\nlayout(location = 2) in vec2 a_texCoord;\nlayout(location = 3) in vec4 a_tangent;\n#if CC_USE_SKINNING\n    layout(location = 4) in u32vec4 a_joints;\n  layout(location = 5) in vec4 a_weights;\n#endif\n#if USE_INSTANCING\n  #if CC_USE_BAKED_ANIMATION\n    layout(location = 6) in highp vec4 a_jointAnimInfo;\n  #endif\n  layout(location = 7) in vec4 a_matWorld0;\n  layout(location = 8) in vec4 a_matWorld1;\n  layout(location = 9) in vec4 a_matWorld2;\n  #if CC_USE_LIGHTMAP\n    layout(location = 10) in vec4 a_lightingMapUVParam;\n  #endif\n  #if CC_RECEIVE_SHADOW\n    layout(location = 11) in vec2 a_localShadowBias;\n  #endif\n#elif USE_BATCHING\n  layout(location = 12) in float a_dyn_batch_id;\n#endif\n#if CC_USE_MORPH\n    int getVertexId() {\n      return gl_VertexIndex;\n    }\n#endif\n#if CC_USE_MORPH\n  layout(set = 2, binding = 4) uniform CCMorph {\n    vec4 cc_displacementWeights[15];\n    vec4 cc_displacementTextureInfo;\n  };\n  #if CC_MORPH_TARGET_HAS_POSITION\n    layout(set = 2, binding = 7) uniform sampler2D cc_PositionDisplacements;\n  #endif\n  #if CC_MORPH_TARGET_HAS_NORMAL\n    layout(set = 2, binding = 8) uniform sampler2D cc_NormalDisplacements;\n  #endif\n  #if CC_MORPH_TARGET_HAS_TANGENT\n    layout(set = 2, binding = 9) uniform sampler2D cc_TangentDisplacements;\n  #endif\n  vec2 getPixelLocation(vec2 textureResolution, int pixelIndex) {\n    float pixelIndexF = float(pixelIndex);\n    float x = mod(pixelIndexF, textureResolution.x);\n    float y = floor(pixelIndexF / textureResolution.x);\n    return vec2(x, y);\n  }\n  vec2 getPixelCoordFromLocation(vec2 location, vec2 textureResolution) {\n    return (vec2(location.x, location.y) + .5) / textureResolution;\n  }\n  #if CC_DEVICE_SUPPORT_FLOAT_TEXTURE\n      vec4 fetchVec3ArrayFromTexture(sampler2D tex, int pixelIndex) {\n        ivec2 texSize = textureSize(tex, 0);\n        return texelFetch(tex, ivec2(pixelIndex % texSize.x, pixelIndex / texSize.x), 0);\n      }\n  #else\n    vec4 fetchVec3ArrayFromTexture(sampler2D tex, int elementIndex) {\n      int pixelIndex = elementIndex * 4;\n      vec2 location = getPixelLocation(cc_displacementTextureInfo.xy, pixelIndex);\n      vec2 x = getPixelCoordFromLocation(location + vec2(0.0, 0.0), cc_displacementTextureInfo.xy);\n      vec2 y = getPixelCoordFromLocation(location + vec2(1.0, 0.0), cc_displacementTextureInfo.xy);\n      vec2 z = getPixelCoordFromLocation(location + vec2(2.0, 0.0), cc_displacementTextureInfo.xy);\n      return vec4(\n        decode32(texture(tex, x)),\n        decode32(texture(tex, y)),\n        decode32(texture(tex, z)),\n        1.0\n      );\n    }\n  #endif\n  float getDisplacementWeight(int index) {\n    int quot = index / 4;\n    int remainder = index - quot * 4;\n    if (remainder == 0) {\n      return cc_displacementWeights[quot].x;\n    } else if (remainder == 1) {\n      return cc_displacementWeights[quot].y;\n    } else if (remainder == 2) {\n      return cc_displacementWeights[quot].z;\n    } else {\n      return cc_displacementWeights[quot].w;\n    }\n  }\n  vec3 getVec3DisplacementFromTexture(sampler2D tex, int vertexIndex) {\n  #if CC_MORPH_PRECOMPUTED\n    return fetchVec3ArrayFromTexture(tex, vertexIndex).rgb;\n  #else\n    vec3 result = vec3(0, 0, 0);\n    int nVertices = int(cc_displacementTextureInfo.z);\n    for (int iTarget = 0; iTarget < CC_MORPH_TARGET_COUNT; ++iTarget) {\n      result += (fetchVec3ArrayFromTexture(tex, nVertices * iTarget + vertexIndex).rgb * getDisplacementWeight(iTarget));\n    }\n    return result;\n  #endif\n  }\n  #if CC_MORPH_TARGET_HAS_POSITION\n  vec3 getPositionDisplacement(int vertexId) {\n      return getVec3DisplacementFromTexture(cc_PositionDisplacements, vertexId);\n  }\n  #endif\n  #if CC_MORPH_TARGET_HAS_NORMAL\n  vec3 getNormalDisplacement(int vertexId) {\n      return getVec3DisplacementFromTexture(cc_NormalDisplacements, vertexId);\n  }\n  #endif\n  #if CC_MORPH_TARGET_HAS_TANGENT\n  vec3 getTangentDisplacement(int vertexId) {\n      return getVec3DisplacementFromTexture(cc_TangentDisplacements, vertexId);\n  }\n  #endif\n  void applyMorph (inout vec4 position, inout vec3 normal, inout vec4 tangent) {\n    int vertexId = getVertexId();\n  #if CC_MORPH_TARGET_HAS_POSITION\n    position.xyz = position.xyz + getPositionDisplacement(vertexId);\n  #endif\n  #if CC_MORPH_TARGET_HAS_NORMAL\n    normal.xyz = normal.xyz + getNormalDisplacement(vertexId);\n  #endif\n  #if CC_MORPH_TARGET_HAS_TANGENT\n    tangent.xyz = tangent.xyz + getTangentDisplacement(vertexId);\n  #endif\n  }\n  void applyMorph (inout vec4 position) {\n  #if CC_MORPH_TARGET_HAS_POSITION\n    position.xyz = position.xyz + getPositionDisplacement(getVertexId());\n  #endif\n  }\n#endif\n#if CC_USE_SKINNING\n  #if CC_USE_BAKED_ANIMATION\n    layout(set = 2, binding = 3) uniform CCSkinningTexture {\n      highp vec4 cc_jointTextureInfo;\n    };\n    layout(set = 2, binding = 2) uniform CCSkinningAnimation {\n      highp vec4 cc_jointAnimInfo;\n    };\n    layout(set = 2, binding = 6) uniform highp sampler2D cc_jointTexture;\n    void CCGetJointTextureCoords(float pixelsPerJoint, float jointIdx, out highp float x, out highp float y, out highp float invSize)\n    {\n      #if USE_INSTANCING\n        highp float temp = pixelsPerJoint * (a_jointAnimInfo.x * a_jointAnimInfo.y + jointIdx) + a_jointAnimInfo.z;\n      #else\n        highp float temp = pixelsPerJoint * (cc_jointAnimInfo.x * cc_jointTextureInfo.y + jointIdx) + cc_jointTextureInfo.z;\n      #endif\n      invSize = cc_jointTextureInfo.w;\n      highp float tempY = floor(temp * invSize);\n      x = floor(temp - tempY * cc_jointTextureInfo.x);\n      y = (tempY + 0.5) * invSize;\n    }\n  #else\n    #if CC_USE_REAL_TIME_JOINT_TEXTURE\n      layout(set = 2, binding = 6) uniform highp sampler2D cc_realtimeJoint;\n    #else\n      layout(set = 2, binding = 3) uniform CCSkinning {\n        highp vec4 cc_joints[CC_JOINT_UNIFORM_CAPACITY * 3];\n      };\n    #endif\n  #endif\n  #if CC_USE_BAKED_ANIMATION\n    #if CC_DEVICE_SUPPORT_FLOAT_TEXTURE\n      mat4 getJointMatrix (float i) {\n        highp float x, y, invSize;\n        CCGetJointTextureCoords(3.0, i, x, y, invSize);\n        vec4 v1 = texture(cc_jointTexture, vec2((x + 0.5) * invSize, y));\n        vec4 v2 = texture(cc_jointTexture, vec2((x + 1.5) * invSize, y));\n        vec4 v3 = texture(cc_jointTexture, vec2((x + 2.5) * invSize, y));\n        return mat4(vec4(v1.xyz, 0.0), vec4(v2.xyz, 0.0), vec4(v3.xyz, 0.0), vec4(v1.w, v2.w, v3.w, 1.0));\n      }\n    #else\n      mat4 getJointMatrix (float i) {\n        highp float x, y, invSize;\n        CCGetJointTextureCoords(12.0, i, x, y, invSize);\n        vec4 v1 = vec4(\n          decode32(texture(cc_jointTexture, vec2((x + 0.5) * invSize, y))),\n          decode32(texture(cc_jointTexture, vec2((x + 1.5) * invSize, y))),\n          decode32(texture(cc_jointTexture, vec2((x + 2.5) * invSize, y))),\n          decode32(texture(cc_jointTexture, vec2((x + 3.5) * invSize, y)))\n        );\n        vec4 v2 = vec4(\n          decode32(texture(cc_jointTexture, vec2((x + 4.5) * invSize, y))),\n          decode32(texture(cc_jointTexture, vec2((x + 5.5) * invSize, y))),\n          decode32(texture(cc_jointTexture, vec2((x + 6.5) * invSize, y))),\n          decode32(texture(cc_jointTexture, vec2((x + 7.5) * invSize, y)))\n        );\n        vec4 v3 = vec4(\n          decode32(texture(cc_jointTexture, vec2((x + 8.5) * invSize, y))),\n          decode32(texture(cc_jointTexture, vec2((x + 9.5) * invSize, y))),\n          decode32(texture(cc_jointTexture, vec2((x + 10.5) * invSize, y))),\n          decode32(texture(cc_jointTexture, vec2((x + 11.5) * invSize, y)))\n        );\n        return mat4(vec4(v1.xyz, 0.0), vec4(v2.xyz, 0.0), vec4(v3.xyz, 0.0), vec4(v1.w, v2.w, v3.w, 1.0));\n      }\n    #endif\n  #else\n    #if CC_USE_REAL_TIME_JOINT_TEXTURE\n      #if CC_DEVICE_SUPPORT_FLOAT_TEXTURE\n        mat4 getJointMatrix (float i) {\n          float x = i;\n          vec4 v1 = texture(cc_realtimeJoint, vec2( x / 256.0, 0.5 / 3.0));\n          vec4 v2 = texture(cc_realtimeJoint, vec2( x / 256.0, 1.5 / 3.0));\n          vec4 v3 = texture(cc_realtimeJoint, vec2( x / 256.0, 2.5 / 3.0));\n          return mat4(vec4(v1.xyz, 0.0), vec4(v2.xyz, 0.0), vec4(v3.xyz, 0.0), vec4(v1.w, v2.w, v3.w, 1.0));\n        }\n      #else\n        mat4 getJointMatrix (float i) {\n         float x = 4.0 * i;\n          vec4 v1 = vec4(\n            decode32(texture(cc_realtimeJoint, vec2((x + 0.5)/ 1024.0, 0.5 / 3.0))),\n            decode32(texture(cc_realtimeJoint, vec2((x + 1.5)/ 1024.0, 0.5 / 3.0))),\n            decode32(texture(cc_realtimeJoint, vec2((x + 2.5)/ 1024.0, 0.5 / 3.0))),\n            decode32(texture(cc_realtimeJoint, vec2((x + 3.5)/ 1024.0, 0.5 / 3.0)))\n          );\n          vec4 v2 = vec4(\n            decode32(texture(cc_realtimeJoint, vec2((x + 0.5)/ 1024.0, 1.5 / 3.0))),\n            decode32(texture(cc_realtimeJoint, vec2((x + 1.5)/ 1024.0, 1.5 / 3.0))),\n            decode32(texture(cc_realtimeJoint, vec2((x + 2.5)/ 1024.0, 1.5 / 3.0))),\n            decode32(texture(cc_realtimeJoint, vec2((x + 3.5)/ 1024.0, 1.5 / 3.0)))\n          );\n          vec4 v3 = vec4(\n            decode32(texture(cc_realtimeJoint, vec2((x + 0.5)/ 1024.0, 2.5 / 3.0))),\n            decode32(texture(cc_realtimeJoint, vec2((x + 1.5)/ 1024.0, 2.5 / 3.0))),\n            decode32(texture(cc_realtimeJoint, vec2((x + 2.5)/ 1024.0, 2.5 / 3.0))),\n            decode32(texture(cc_realtimeJoint, vec2((x + 3.5)/ 1024.0, 2.5 / 3.0)))\n          );\n          return mat4(vec4(v1.xyz, 0.0), vec4(v2.xyz, 0.0), vec4(v3.xyz, 0.0), vec4(v1.w, v2.w, v3.w, 1.0));\n        }\n      #endif\n    #else\n      mat4 getJointMatrix (float i) {\n        int idx = int(i);\n        vec4 v1 = cc_joints[idx * 3];\n        vec4 v2 = cc_joints[idx * 3 + 1];\n        vec4 v3 = cc_joints[idx * 3 + 2];\n        return mat4(vec4(v1.xyz, 0.0), vec4(v2.xyz, 0.0), vec4(v3.xyz, 0.0), vec4(v1.w, v2.w, v3.w, 1.0));\n      }\n    #endif\n  #endif\n  mat4 skinMatrix () {\n    vec4 joints = vec4(a_joints);\n    return getJointMatrix(joints.x) * a_weights.x\n         + getJointMatrix(joints.y) * a_weights.y\n         + getJointMatrix(joints.z) * a_weights.z\n         + getJointMatrix(joints.w) * a_weights.w;\n  }\n  void CCSkin (inout vec4 position) {\n    mat4 m = skinMatrix();\n    position = m * position;\n  }\n  void CCSkin (inout vec4 position, inout vec3 normal, inout vec4 tangent) {\n    mat4 m = skinMatrix();\n    position = m * position;\n    normal = (m * vec4(normal, 0.0)).xyz;\n    tangent.xyz = (m * vec4(tangent.xyz, 0.0)).xyz;\n  }\n#endif\nvoid CCVertInput(inout vec4 In)\n{\n    In = vec4(a_position, 1.0);\n  #if CC_USE_MORPH\n    applyMorph(In);\n  #endif\n  #if CC_USE_SKINNING\n    CCSkin(In);\n  #endif\n}\nlayout(set = 0, binding = 0) uniform CCGlobal {\n  highp   vec4 cc_time;\n  mediump vec4 cc_screenSize;\n  mediump vec4 cc_nativeSize;\n  mediump vec4 cc_debug_view_mode;\n  mediump vec4 cc_debug_view_composite_pack_1;\n  mediump vec4 cc_debug_view_composite_pack_2;\n  mediump vec4 cc_debug_view_composite_pack_3;\n};\nlayout(set = 0, binding = 1) uniform CCCamera {\n  highp   mat4 cc_matView;\n  highp   mat4 cc_matViewInv;\n  highp   mat4 cc_matProj;\n  highp   mat4 cc_matProjInv;\n  highp   mat4 cc_matViewProj;\n  highp   mat4 cc_matViewProjInv;\n  highp   vec4 cc_cameraPos;\n  mediump vec4 cc_surfaceTransform;\n  mediump vec4 cc_screenScale;\n  mediump vec4 cc_exposure;\n  mediump vec4 cc_mainLitDir;\n  mediump vec4 cc_mainLitColor;\n  mediump vec4 cc_ambientSky;\n  mediump vec4 cc_ambientGround;\n  mediump vec4 cc_fogColor;\n  mediump vec4 cc_fogBase;\n  mediump vec4 cc_fogAdd;\n  mediump vec4 cc_nearFar;\n  mediump vec4 cc_viewPort;\n};\n#if !USE_INSTANCING\n  #if USE_BATCHING\n    layout(set = 2, binding = 0) uniform CCLocalBatched {\n      highp mat4 cc_matWorlds[10];\n    };\n  #else\n    layout(set = 2, binding = 0) uniform CCLocal {\n      highp mat4 cc_matWorld;\n      highp mat4 cc_matWorldIT;\n      highp vec4 cc_lightingMapUVParam;\n      highp vec4 cc_localShadowBias;\n    };\n  #endif\n#endif\nvoid CCGetWorldMatrix(out mat4 matWorld)\n{\n  #if USE_INSTANCING\n    matWorld = mat4(\n      vec4(a_matWorld0.xyz, 0.0),\n      vec4(a_matWorld1.xyz, 0.0),\n      vec4(a_matWorld2.xyz, 0.0),\n      vec4(a_matWorld0.w, a_matWorld1.w, a_matWorld2.w, 1.0)\n    );\n  #elif USE_BATCHING\n    matWorld = cc_matWorlds[int(a_dyn_batch_id)];\n  #else\n    matWorld = cc_matWorld;\n  #endif\n}\n#if CC_USE_FOG != 4\n  float LinearFog(vec4 pos, vec3 cameraPos, float fogStart, float fogEnd) {\n      vec4 wPos = pos;\n      float cam_dis = distance(cameraPos, wPos.xyz);\n      return clamp((fogEnd - cam_dis) / (fogEnd - fogStart), 0., 1.);\n  }\n  float ExpFog(vec4 pos, vec3 cameraPos, float fogStart, float fogDensity, float fogAtten) {\n      vec4 wPos = pos;\n      float cam_dis = max(distance(cameraPos, wPos.xyz) - fogStart, 0.0) / fogAtten * 4.;\n      float f = exp(-cam_dis * fogDensity);\n      return f;\n  }\n  float ExpSquaredFog(vec4 pos, vec3 cameraPos, float fogStart, float fogDensity, float fogAtten) {\n      vec4 wPos = pos;\n      float cam_dis = max(distance(cameraPos, wPos.xyz) - fogStart, 0.0) / fogAtten * 4.;\n      float f = exp(-cam_dis * cam_dis * fogDensity * fogDensity);\n      return f;\n  }\n  float LayeredFog(vec4 pos, vec3 cameraPos, float fogTop, float fogRange, float fogAtten) {\n      vec4 wPos = pos;\n      vec3 camWorldProj = cameraPos.xyz;\n      camWorldProj.y = 0.;\n      vec3 worldPosProj = wPos.xyz;\n      worldPosProj.y = 0.;\n      float fDeltaD = distance(worldPosProj, camWorldProj) / fogAtten * 2.0;\n      float fDeltaY, fDensityIntegral;\n      if (cameraPos.y > fogTop) {\n          if (wPos.y < fogTop) {\n              fDeltaY = (fogTop - wPos.y) / fogRange * 2.0;\n              fDensityIntegral = fDeltaY * fDeltaY * 0.5;\n          }\n          else {\n              fDeltaY = 0.;\n              fDensityIntegral = 0.;\n          }\n      }\n      else {\n          if (wPos.y < fogTop) {\n              float fDeltaA = (fogTop - cameraPos.y) / fogRange * 2.;\n              float fDeltaB = (fogTop - wPos.y) / fogRange * 2.;\n              fDeltaY = abs(fDeltaA - fDeltaB);\n              fDensityIntegral = abs((fDeltaA * fDeltaA * 0.5) - (fDeltaB * fDeltaB * 0.5));\n          }\n          else {\n              fDeltaY = abs(fogTop - cameraPos.y) / fogRange * 2.;\n              fDensityIntegral = abs(fDeltaY * fDeltaY * 0.5);\n          }\n      }\n      float fDensity;\n      if (fDeltaY != 0.) {\n          fDensity = (sqrt(1.0 + ((fDeltaD / fDeltaY) * (fDeltaD / fDeltaY)))) * fDensityIntegral;\n      }\n      else {\n          fDensity = 0.;\n      }\n      float f = exp(-fDensity);\n      return f;\n  }\n#endif\nvoid CC_TRANSFER_FOG_BASE(vec4 pos, out float factor)\n{\n#if CC_USE_FOG == 0\n\tfactor = LinearFog(pos, cc_cameraPos.xyz, cc_fogBase.x, cc_fogBase.y);\n#elif CC_USE_FOG == 1\n\tfactor = ExpFog(pos, cc_cameraPos.xyz, cc_fogBase.x, cc_fogBase.z, cc_fogAdd.z);\n#elif CC_USE_FOG == 2\n\tfactor = ExpSquaredFog(pos, cc_cameraPos.xyz, cc_fogBase.x, cc_fogBase.z, cc_fogAdd.z);\n#elif CC_USE_FOG == 3\n\tfactor = LayeredFog(pos, cc_cameraPos.xyz, cc_fogAdd.x, cc_fogAdd.y, cc_fogAdd.z);\n#else\n\tfactor = 1.0;\n#endif\n}\n#if !CC_USE_ACCURATE_FOG\nlayout(location = 0) out float v_fog_factor;\n#endif\nvoid CC_TRANSFER_FOG(vec4 pos) {\n#if !CC_USE_ACCURATE_FOG\n    CC_TRANSFER_FOG_BASE(pos, v_fog_factor);\n#endif\n}\n#if USE_VERTEX_COLOR\n  layout(location = 14) in lowp vec4 a_color;\n  layout(location = 1) out lowp vec4 v_color;\n#endif\n#if USE_TEXTURE\n  layout(location = 2) out vec2 v_uv;\n  layout(set = 1, binding = 0) uniform TexCoords {\n    vec4 tilingOffset;\n  };\n#endif\nvec4 vert () {\n  vec4 position;\n  CCVertInput(position);\n  mat4 matWorld;\n  CCGetWorldMatrix(matWorld);\n  #if USE_TEXTURE\n    v_uv = a_texCoord * tilingOffset.xy + tilingOffset.zw;\n    #if SAMPLE_FROM_RT\n      v_uv = cc_cameraPos.w > 1.0 ? vec2(v_uv.x, 1.0 - v_uv.y) : v_uv;\n    #endif\n  #endif\n  #if USE_VERTEX_COLOR\n    v_color = a_color;\n  #endif\n  CC_TRANSFER_FOG(matWorld * position);\n  return cc_matProj * (cc_matView * matWorld) * position;\n}\nvoid main() { gl_Position = vert(); }","frag":"\nprecision highp float;\nvec3 ACESToneMap (vec3 color) {\n  color = min(color, vec3(8.0));\n  const float A = 2.51;\n  const float B = 0.03;\n  const float C = 2.43;\n  const float D = 0.59;\n  const float E = 0.14;\n  return (color * (A * color + B)) / (color * (C * color + D) + E);\n}\n#define CC_SURFACES_DEBUG_VIEW_VERTEX_COLOR 1\n#define CC_SURFACES_DEBUG_VIEW_VERTEX_NORMAL CC_SURFACES_DEBUG_VIEW_VERTEX_COLOR + 1\n#define CC_SURFACES_DEBUG_VIEW_VERTEX_TANGENT CC_SURFACES_DEBUG_VIEW_VERTEX_NORMAL + 1\n#define CC_SURFACES_DEBUG_VIEW_WORLD_POS CC_SURFACES_DEBUG_VIEW_VERTEX_TANGENT + 1\n#define CC_SURFACES_DEBUG_VIEW_VERTEX_MIRROR CC_SURFACES_DEBUG_VIEW_WORLD_POS + 1\n#define CC_SURFACES_DEBUG_VIEW_FACE_SIDE CC_SURFACES_DEBUG_VIEW_VERTEX_MIRROR + 1\n#define CC_SURFACES_DEBUG_VIEW_UV0 CC_SURFACES_DEBUG_VIEW_FACE_SIDE + 1\n#define CC_SURFACES_DEBUG_VIEW_UV1 CC_SURFACES_DEBUG_VIEW_UV0 + 1\n#define CC_SURFACES_DEBUG_VIEW_UVLIGHTMAP CC_SURFACES_DEBUG_VIEW_UV1 + 1\n#define CC_SURFACES_DEBUG_VIEW_PROJ_DEPTH CC_SURFACES_DEBUG_VIEW_UVLIGHTMAP + 1\n#define CC_SURFACES_DEBUG_VIEW_LINEAR_DEPTH CC_SURFACES_DEBUG_VIEW_PROJ_DEPTH + 1\n#define CC_SURFACES_DEBUG_VIEW_FRAGMENT_NORMAL CC_SURFACES_DEBUG_VIEW_LINEAR_DEPTH + 1\n#define CC_SURFACES_DEBUG_VIEW_FRAGMENT_TANGENT CC_SURFACES_DEBUG_VIEW_FRAGMENT_NORMAL + 1\n#define CC_SURFACES_DEBUG_VIEW_FRAGMENT_BINORMAL CC_SURFACES_DEBUG_VIEW_FRAGMENT_TANGENT + 1\n#define CC_SURFACES_DEBUG_VIEW_BASE_COLOR CC_SURFACES_DEBUG_VIEW_FRAGMENT_BINORMAL + 1\n#define CC_SURFACES_DEBUG_VIEW_DIFFUSE_COLOR CC_SURFACES_DEBUG_VIEW_BASE_COLOR + 1\n#define CC_SURFACES_DEBUG_VIEW_SPECULAR_COLOR CC_SURFACES_DEBUG_VIEW_DIFFUSE_COLOR + 1\n#define CC_SURFACES_DEBUG_VIEW_TRANSPARENCY CC_SURFACES_DEBUG_VIEW_SPECULAR_COLOR + 1\n#define CC_SURFACES_DEBUG_VIEW_METALLIC CC_SURFACES_DEBUG_VIEW_TRANSPARENCY + 1\n#define CC_SURFACES_DEBUG_VIEW_ROUGHNESS CC_SURFACES_DEBUG_VIEW_METALLIC + 1\n#define CC_SURFACES_DEBUG_VIEW_SPECULAR_INTENSITY CC_SURFACES_DEBUG_VIEW_ROUGHNESS + 1\n#define CC_SURFACES_DEBUG_VIEW_DIRECT_DIFFUSE CC_SURFACES_DEBUG_VIEW_SPECULAR_INTENSITY + 1\n#define CC_SURFACES_DEBUG_VIEW_DIRECT_SPECULAR CC_SURFACES_DEBUG_VIEW_DIRECT_DIFFUSE + 1\n#define CC_SURFACES_DEBUG_VIEW_DIRECT_ALL CC_SURFACES_DEBUG_VIEW_DIRECT_SPECULAR + 1\n#define CC_SURFACES_DEBUG_VIEW_ENV_DIFFUSE CC_SURFACES_DEBUG_VIEW_DIRECT_ALL + 1\n#define CC_SURFACES_DEBUG_VIEW_ENV_SPECULAR CC_SURFACES_DEBUG_VIEW_ENV_DIFFUSE + 1\n#define CC_SURFACES_DEBUG_VIEW_ENV_ALL CC_SURFACES_DEBUG_VIEW_ENV_SPECULAR + 1\n#define CC_SURFACES_DEBUG_VIEW_EMISSIVE CC_SURFACES_DEBUG_VIEW_ENV_ALL + 1\n#define CC_SURFACES_DEBUG_VIEW_LIGHT_MAP CC_SURFACES_DEBUG_VIEW_EMISSIVE + 1\n#define CC_SURFACES_DEBUG_VIEW_SHADOW CC_SURFACES_DEBUG_VIEW_LIGHT_MAP + 1\n#define CC_SURFACES_DEBUG_VIEW_AO CC_SURFACES_DEBUG_VIEW_SHADOW + 1\n#define CC_SURFACES_DEBUG_VIEW_FOG CC_SURFACES_DEBUG_VIEW_AO + 1\n#define CC_SURFACES_DEBUG_VIEW_SINGLE 1\n#define CC_SURFACES_DEBUG_VIEW_COMPOSITE_AND_MISC 2\n#define IS_DEBUG_VIEW_LIGHTING_ENABLE_WITH_ALBEDO (cc_debug_view_mode.y > 0.0)\n#define IS_DEBUG_VIEW_MISC_ENABLE_CSM_LAYER_COLORATION (cc_debug_view_mode.z > 0.0)\n#define IS_DEBUG_VIEW_COMPOSITE_ENABLE_DIRECT_DIFFUSE (cc_debug_view_composite_pack_1.x > 0.0)\n#define IS_DEBUG_VIEW_COMPOSITE_ENABLE_DIRECT_SPECULAR (cc_debug_view_composite_pack_1.y > 0.0)\n#define IS_DEBUG_VIEW_COMPOSITE_ENABLE_ENV_DIFFUSE (cc_debug_view_composite_pack_1.z > 0.0)\n#define IS_DEBUG_VIEW_COMPOSITE_ENABLE_ENV_SPECULAR (cc_debug_view_composite_pack_1.w > 0.0)\n#define IS_DEBUG_VIEW_COMPOSITE_ENABLE_EMISSIVE (cc_debug_view_composite_pack_2.x > 0.0)\n#define IS_DEBUG_VIEW_COMPOSITE_ENABLE_LIGHT_MAP (cc_debug_view_composite_pack_2.y > 0.0)\n#define IS_DEBUG_VIEW_COMPOSITE_ENABLE_SHADOW (cc_debug_view_composite_pack_2.z > 0.0)\n#define IS_DEBUG_VIEW_COMPOSITE_ENABLE_AO (cc_debug_view_composite_pack_2.w > 0.0)\n#define IS_DEBUG_VIEW_COMPOSITE_ENABLE_NORMAL_MAP (cc_debug_view_composite_pack_3.x > 0.0)\n#define IS_DEBUG_VIEW_COMPOSITE_ENABLE_FOG (cc_debug_view_composite_pack_3.y > 0.0)\n#define IS_DEBUG_VIEW_COMPOSITE_ENABLE_TONE_MAPPING (cc_debug_view_composite_pack_3.z > 0.0)\n#define IS_DEBUG_VIEW_COMPOSITE_ENABLE_GAMMA_CORRECTION (cc_debug_view_composite_pack_3.w > 0.0)\nvec3 SRGBToLinear (vec3 gamma) {\n#ifdef CC_USE_SURFACE_SHADER\n  #if CC_USE_DEBUG_VIEW == CC_SURFACES_DEBUG_VIEW_COMPOSITE_AND_MISC\n    if (!IS_DEBUG_VIEW_COMPOSITE_ENABLE_GAMMA_CORRECTION) {\n      return gamma;\n    }\n  #endif\n#endif\n  return gamma * gamma;\n}\nvec3 LinearToSRGB(vec3 linear) {\n#ifdef CC_USE_SURFACE_SHADER\n  #if CC_USE_DEBUG_VIEW == CC_SURFACES_DEBUG_VIEW_COMPOSITE_AND_MISC\n    if (!IS_DEBUG_VIEW_COMPOSITE_ENABLE_GAMMA_CORRECTION) {\n      return linear;\n    }\n  #endif\n#endif\n  return sqrt(linear);\n}\nvec4 CCFragOutput (vec4 color) {\n  #if CC_USE_HDR\n    color.rgb = ACESToneMap(color.rgb);\n  #endif\n  color.rgb = LinearToSRGB(color.rgb);\n  return color;\n}\nlayout(set = 0, binding = 0) uniform CCGlobal {\n  highp   vec4 cc_time;\n  mediump vec4 cc_screenSize;\n  mediump vec4 cc_nativeSize;\n  mediump vec4 cc_debug_view_mode;\n  mediump vec4 cc_debug_view_composite_pack_1;\n  mediump vec4 cc_debug_view_composite_pack_2;\n  mediump vec4 cc_debug_view_composite_pack_3;\n};\nlayout(set = 0, binding = 1) uniform CCCamera {\n  highp   mat4 cc_matView;\n  highp   mat4 cc_matViewInv;\n  highp   mat4 cc_matProj;\n  highp   mat4 cc_matProjInv;\n  highp   mat4 cc_matViewProj;\n  highp   mat4 cc_matViewProjInv;\n  highp   vec4 cc_cameraPos;\n  mediump vec4 cc_surfaceTransform;\n  mediump vec4 cc_screenScale;\n  mediump vec4 cc_exposure;\n  mediump vec4 cc_mainLitDir;\n  mediump vec4 cc_mainLitColor;\n  mediump vec4 cc_ambientSky;\n  mediump vec4 cc_ambientGround;\n  mediump vec4 cc_fogColor;\n  mediump vec4 cc_fogBase;\n  mediump vec4 cc_fogAdd;\n  mediump vec4 cc_nearFar;\n  mediump vec4 cc_viewPort;\n};\n#if CC_USE_FOG != 4\n  float LinearFog(vec4 pos, vec3 cameraPos, float fogStart, float fogEnd) {\n      vec4 wPos = pos;\n      float cam_dis = distance(cameraPos, wPos.xyz);\n      return clamp((fogEnd - cam_dis) / (fogEnd - fogStart), 0., 1.);\n  }\n  float ExpFog(vec4 pos, vec3 cameraPos, float fogStart, float fogDensity, float fogAtten) {\n      vec4 wPos = pos;\n      float cam_dis = max(distance(cameraPos, wPos.xyz) - fogStart, 0.0) / fogAtten * 4.;\n      float f = exp(-cam_dis * fogDensity);\n      return f;\n  }\n  float ExpSquaredFog(vec4 pos, vec3 cameraPos, float fogStart, float fogDensity, float fogAtten) {\n      vec4 wPos = pos;\n      float cam_dis = max(distance(cameraPos, wPos.xyz) - fogStart, 0.0) / fogAtten * 4.;\n      float f = exp(-cam_dis * cam_dis * fogDensity * fogDensity);\n      return f;\n  }\n  float LayeredFog(vec4 pos, vec3 cameraPos, float fogTop, float fogRange, float fogAtten) {\n      vec4 wPos = pos;\n      vec3 camWorldProj = cameraPos.xyz;\n      camWorldProj.y = 0.;\n      vec3 worldPosProj = wPos.xyz;\n      worldPosProj.y = 0.;\n      float fDeltaD = distance(worldPosProj, camWorldProj) / fogAtten * 2.0;\n      float fDeltaY, fDensityIntegral;\n      if (cameraPos.y > fogTop) {\n          if (wPos.y < fogTop) {\n              fDeltaY = (fogTop - wPos.y) / fogRange * 2.0;\n              fDensityIntegral = fDeltaY * fDeltaY * 0.5;\n          }\n          else {\n              fDeltaY = 0.;\n              fDensityIntegral = 0.;\n          }\n      }\n      else {\n          if (wPos.y < fogTop) {\n              float fDeltaA = (fogTop - cameraPos.y) / fogRange * 2.;\n              float fDeltaB = (fogTop - wPos.y) / fogRange * 2.;\n              fDeltaY = abs(fDeltaA - fDeltaB);\n              fDensityIntegral = abs((fDeltaA * fDeltaA * 0.5) - (fDeltaB * fDeltaB * 0.5));\n          }\n          else {\n              fDeltaY = abs(fogTop - cameraPos.y) / fogRange * 2.;\n              fDensityIntegral = abs(fDeltaY * fDeltaY * 0.5);\n          }\n      }\n      float fDensity;\n      if (fDeltaY != 0.) {\n          fDensity = (sqrt(1.0 + ((fDeltaD / fDeltaY) * (fDeltaD / fDeltaY)))) * fDensityIntegral;\n      }\n      else {\n          fDensity = 0.;\n      }\n      float f = exp(-fDensity);\n      return f;\n  }\n#endif\nvoid CC_TRANSFER_FOG_BASE(vec4 pos, out float factor)\n{\n#if CC_USE_FOG == 0\n\tfactor = LinearFog(pos, cc_cameraPos.xyz, cc_fogBase.x, cc_fogBase.y);\n#elif CC_USE_FOG == 1\n\tfactor = ExpFog(pos, cc_cameraPos.xyz, cc_fogBase.x, cc_fogBase.z, cc_fogAdd.z);\n#elif CC_USE_FOG == 2\n\tfactor = ExpSquaredFog(pos, cc_cameraPos.xyz, cc_fogBase.x, cc_fogBase.z, cc_fogAdd.z);\n#elif CC_USE_FOG == 3\n\tfactor = LayeredFog(pos, cc_cameraPos.xyz, cc_fogAdd.x, cc_fogAdd.y, cc_fogAdd.z);\n#else\n\tfactor = 1.0;\n#endif\n}\nvoid CC_APPLY_FOG_BASE(inout vec4 color, float factor) {\n\tcolor = vec4(mix(cc_fogColor.rgb, color.rgb, factor), color.a);\n}\n#if !CC_USE_ACCURATE_FOG\nlayout(location = 0) in float v_fog_factor;\n#endif\nvoid CC_APPLY_FOG(inout vec4 color) {\n#if !CC_USE_ACCURATE_FOG\n    CC_APPLY_FOG_BASE(color, v_fog_factor);\n#endif\n}\nvoid CC_APPLY_FOG(inout vec4 color, vec3 worldPos) {\n#if CC_USE_ACCURATE_FOG\n    float factor;\n    CC_TRANSFER_FOG_BASE(vec4(worldPos, 1.0), factor);\n#else\n    float factor = v_fog_factor;\n#endif\n    CC_APPLY_FOG_BASE(color, factor);\n}\n#if USE_ALPHA_TEST\n#endif\n#if USE_TEXTURE\n  layout(location = 2) in vec2 v_uv;\n  layout(set = 1, binding = 2) uniform sampler2D mainTexture;\n#endif\nlayout(set = 1, binding = 1) uniform Constant {\n  vec4 mainColor;\n  vec4 colorScaleAndCutoff;\n};\n#if USE_VERTEX_COLOR\n  layout(location = 1) in lowp vec4 v_color;\n#endif\nvec4 frag () {\n  vec4 o = mainColor;\n  o.rgb *= colorScaleAndCutoff.xyz;\n  #if USE_VERTEX_COLOR\n    o.rgb *= SRGBToLinear(v_color.rgb);\n    o.a *= v_color.a;\n  #endif\n  #if USE_TEXTURE\n    vec4 texColor = texture(mainTexture, v_uv);\n    texColor.rgb = SRGBToLinear(texColor.rgb);\n    o *= texColor;\n  #endif\n  #if USE_ALPHA_TEST\n    if (o.ALPHA_TEST_CHANNEL < colorScaleAndCutoff.w) discard;\n  #endif\n  CC_APPLY_FOG(o);\n  return CCFragOutput(o);\n}\nlayout(location = 0) out vec4 cc_FragColor;\nvoid main() { cc_FragColor = frag(); }"},"builtins":{"globals":{"blocks":[{"name":"CCGlobal","defines":[]},{"name":"CCCamera","defines":[]}],"samplerTextures":[],"buffers":[],"images":[]},"locals":{"blocks":[{"name":"CCMorph","defines":["CC_USE_MORPH"]},{"name":"CCSkinningTexture","defines":["CC_USE_SKINNING","CC_USE_BAKED_ANIMATION"]},{"name":"CCSkinningAnimation","defines":["CC_USE_SKINNING","CC_USE_BAKED_ANIMATION"]},{"name":"CCSkinning","defines":["CC_USE_SKINNING","!CC_USE_BAKED_ANIMATION","!CC_USE_REAL_TIME_JOINT_TEXTURE"]},{"name":"CCLocalBatched","defines":["!USE_INSTANCING","USE_BATCHING"]},{"name":"CCLocal","defines":["!USE_INSTANCING","!USE_BATCHING"]}],"samplerTextures":[{"name":"cc_PositionDisplacements","defines":["CC_USE_MORPH","CC_MORPH_TARGET_HAS_POSITION"]},{"name":"cc_NormalDisplacements","defines":["CC_USE_MORPH","CC_MORPH_TARGET_HAS_NORMAL"]},{"name":"cc_TangentDisplacements","defines":["CC_USE_MORPH","CC_MORPH_TARGET_HAS_TANGENT"]},{"name":"cc_jointTexture","defines":["CC_USE_SKINNING","CC_USE_BAKED_ANIMATION"]},{"name":"cc_realtimeJoint","defines":["CC_USE_SKINNING","!CC_USE_BAKED_ANIMATION","CC_USE_REAL_TIME_JOINT_TEXTURE"]}],"buffers":[],"images":[]},"statistics":{"CC_EFFECT_USED_VERTEX_UNIFORM_VECTORS":113,"CC_EFFECT_USED_FRAGMENT_UNIFORM_VECTORS":46}},"defines":[{"name":"USE_INSTANCING","type":"boolean"},{"name":"USE_BATCHING","type":"boolean"},{"name":"CC_USE_SKINNING","type":"boolean"},{"name":"CC_USE_BAKED_ANIMATION","type":"boolean"},{"name":"CC_USE_LIGHTMAP","type":"boolean"},{"name":"CC_RECEIVE_SHADOW","type":"boolean"},{"name":"CC_USE_MORPH","type":"boolean"},{"name":"CC_MORPH_TARGET_COUNT","type":"number","range":[2,8]},{"name":"CC_MORPH_TARGET_HAS_POSITION","type":"boolean"},{"name":"CC_MORPH_TARGET_HAS_NORMAL","type":"boolean"},{"name":"CC_MORPH_TARGET_HAS_TANGENT","type":"boolean"},{"name":"CC_MORPH_PRECOMPUTED","type":"boolean"},{"name":"CC_USE_REAL_TIME_JOINT_TEXTURE","type":"boolean"},{"name":"CC_USE_FOG","type":"number","range":[0,4]},{"name":"CC_USE_ACCURATE_FOG","type":"boolean"},{"name":"USE_VERTEX_COLOR","type":"boolean"},{"name":"USE_TEXTURE","type":"boolean"},{"name":"SAMPLE_FROM_RT","type":"boolean"},{"name":"CC_USE_DEBUG_VIEW","type":"number","range":[0,3]},{"name":"CC_USE_HDR","type":"boolean"},{"name":"USE_ALPHA_TEST","type":"boolean"},{"name":"ALPHA_TEST_CHANNEL","type":"string","options":["a","r","g","b"]}]}],[{"name":"opaque","passes":[{"program":"builtin-unlit|unlit-vs:vert|unlit-fs:frag","properties":{"mainTexture":{"value":"grey","type":28},"tilingOffset":{"type":16,"value":[1,1,0,0]},"mainColor":{"linear":true,"type":16,"value":[1,1,1,1]},"colorScale":{"type":15,"value":[1,1,1],"handleInfo":["colorScaleAndCutoff",0,15]},"alphaThreshold":{"type":13,"value":[0.5],"handleInfo":["colorScaleAndCutoff",3,13]},"color":{"linear":true,"type":16,"handleInfo":["mainColor",0,16]},"colorScaleAndCutoff":{"type":16,"value":[1,1,1,0.5]}}}]},{"name":"transparent","passes":[{"program":"builtin-unlit|unlit-vs:vert|unlit-fs:frag","blendState":{"targets":[{"blend":true,"blendSrc":2,"blendDst":4,"blendDstAlpha":4}]},"depthStencilState":{"depthTest":true,"depthWrite":false},"properties":{"mainTexture":{"value":"grey","type":28},"tilingOffset":{"type":16,"value":[1,1,0,0]},"mainColor":{"linear":true,"type":16,"value":[1,1,1,1]},"colorScale":{"type":15,"value":[1,1,1],"handleInfo":["colorScaleAndCutoff",0,15]},"alphaThreshold":{"type":13,"value":[0.5],"handleInfo":["colorScaleAndCutoff",3,13]},"color":{"linear":true,"type":16,"handleInfo":["mainColor",0,16]},"colorScaleAndCutoff":{"type":16,"value":[1,1,1,0.5]}}}]},{"name":"add","passes":[{"program":"builtin-unlit|unlit-vs:vert|unlit-fs:frag","rasterizerState":{"cullMode":0},"blendState":{"targets":[{"blend":true,"blendSrc":2,"blendDst":1,"blendSrcAlpha":2,"blendDstAlpha":1}]},"depthStencilState":{"depthTest":true,"depthWrite":false},"properties":{"mainTexture":{"value":"grey","type":28},"tilingOffset":{"type":16,"value":[1,1,0,0]},"mainColor":{"linear":true,"type":16,"value":[1,1,1,1]},"colorScale":{"type":15,"value":[1,1,1],"handleInfo":["colorScaleAndCutoff",0,15]},"alphaThreshold":{"type":13,"value":[0.5],"handleInfo":["colorScaleAndCutoff",3,13]},"color":{"linear":true,"type":16,"handleInfo":["mainColor",0,16]},"colorScaleAndCutoff":{"type":16,"value":[1,1,1,0.5]}}}]},{"name":"alpha-blend","passes":[{"program":"builtin-unlit|unlit-vs:vert|unlit-fs:frag","rasterizerState":{"cullMode":0},"blendState":{"targets":[{"blend":true,"blendSrc":2,"blendDst":4,"blendSrcAlpha":2,"blendDstAlpha":4}]},"depthStencilState":{"depthTest":true,"depthWrite":false},"properties":{"mainTexture":{"value":"grey","type":28},"tilingOffset":{"type":16,"value":[1,1,0,0]},"mainColor":{"linear":true,"type":16,"value":[1,1,1,1]},"colorScale":{"type":15,"value":[1,1,1],"handleInfo":["colorScaleAndCutoff",0,15]},"alphaThreshold":{"type":13,"value":[0.5],"handleInfo":["colorScaleAndCutoff",3,13]},"color":{"linear":true,"type":16,"handleInfo":["mainColor",0,16]},"colorScaleAndCutoff":{"type":16,"value":[1,1,1,0.5]}}}]}]]],0,0,[],[],[]],[[[0,"default-spine-material",[{}],[{"rasterizerState":{},"depthStencilState":{},"blendState":{"targets":[{}]}}],[{"USE_TEXTURE":true,"CC_USE_EMBEDDED_ALPHA":false,"IS_GRAY":false}]]],0,0,[0],[0],[3]],[[[3,"missing-effect-material",[{"rasterizerState":{},"depthStencilState":{},"blendState":{"targets":[{}]}}],[{"USE_COLOR":true}],[[[{},"mainColor",8,[4,4278255615]]],11]]],0,0,[0],[0],[1]],[[[1,"builtin-spine",[{"hash":3890043391,"name":"builtin-spine|sprite-vs:vert|sprite-fs:frag","blocks":[{"name":"ALPHA_TEST_DATA","stageFlags":16,"binding":0,"members":[{"name":"alphaThreshold","type":13,"count":1}],"defines":["USE_ALPHA_TEST"]}],"samplerTextures":[],"samplers":[],"textures":[],"buffers":[],"images":[],"subpassInputs":[],"attributes":[{"name":"a_position","format":32,"location":0,"defines":[]},{"name":"a_texCoord","format":21,"location":1,"defines":[]},{"name":"a_color","format":44,"location":2,"defines":[]},{"name":"a_color2","format":44,"location":3,"defines":["TWO_COLORED"]}],"fragColors":[{"name":"cc_FragColor","typename":"vec4","type":16,"count":1,"stageFlags":16,"location":0,"defines":[]}],"glsl4":{"vert":"\nprecision highp float;\nlayout(set = 0, binding = 0) uniform CCGlobal {\n  highp   vec4 cc_time;\n  mediump vec4 cc_screenSize;\n  mediump vec4 cc_nativeSize;\n  mediump vec4 cc_debug_view_mode;\n  mediump vec4 cc_debug_view_composite_pack_1;\n  mediump vec4 cc_debug_view_composite_pack_2;\n  mediump vec4 cc_debug_view_composite_pack_3;\n};\nlayout(set = 0, binding = 1) uniform CCCamera {\n  highp   mat4 cc_matView;\n  highp   mat4 cc_matViewInv;\n  highp   mat4 cc_matProj;\n  highp   mat4 cc_matProjInv;\n  highp   mat4 cc_matViewProj;\n  highp   mat4 cc_matViewProjInv;\n  highp   vec4 cc_cameraPos;\n  mediump vec4 cc_surfaceTransform;\n  mediump vec4 cc_screenScale;\n  mediump vec4 cc_exposure;\n  mediump vec4 cc_mainLitDir;\n  mediump vec4 cc_mainLitColor;\n  mediump vec4 cc_ambientSky;\n  mediump vec4 cc_ambientGround;\n  mediump vec4 cc_fogColor;\n  mediump vec4 cc_fogBase;\n  mediump vec4 cc_fogAdd;\n  mediump vec4 cc_nearFar;\n  mediump vec4 cc_viewPort;\n};\n#if USE_LOCAL\n  layout(set = 2, binding = 0) uniform CCLocal {\n    highp mat4 cc_matWorld;\n    highp mat4 cc_matWorldIT;\n    highp vec4 cc_lightingMapUVParam;\n    highp vec4 cc_localShadowBias;\n  };\n#endif\nlayout(location = 0) in vec3 a_position;\nlayout(location = 1) in vec2 a_texCoord;\nlayout(location = 2) in vec4 a_color;\nlayout(location = 0) out vec4 v_light;\nlayout(location = 1) out vec2 uv0;\n#if TWO_COLORED\n  layout(location = 3) in vec4 a_color2;\n  layout(location = 2) out vec4 v_dark;\n#endif\nvec4 vert () {\n  vec4 pos = vec4(a_position, 1);\n  #if USE_LOCAL\n    pos = cc_matWorld * pos;\n  #endif\n  pos = cc_matViewProj * pos;\n  uv0 = a_texCoord;\n  v_light = a_color;\n  #if TWO_COLORED\n    v_dark = a_color2;\n  #endif\n  return pos;\n}\nvoid main() { gl_Position = vert(); }","frag":"\nprecision highp float;\n#if USE_ALPHA_TEST\n  layout(set = 1, binding = 0) uniform ALPHA_TEST_DATA {\n    float alphaThreshold;\n  };\n#endif\nvoid ALPHA_TEST (in vec4 color) {\n  #if USE_ALPHA_TEST\n    if (color.a < alphaThreshold) discard;\n  #endif\n}\nvoid ALPHA_TEST (in float alpha) {\n  #if USE_ALPHA_TEST\n    if (alpha < alphaThreshold) discard;\n  #endif\n}\nlayout(location = 0) in vec4 v_light;\n#if TWO_COLORED\n  layout(location = 2) in vec4 v_dark;\n#endif\nlayout(location = 1) in vec2 uv0;\nlayout(set = 2, binding = 11) uniform sampler2D cc_spriteTexture;\nvec4 frag () {\n  vec4 o = vec4(1, 1, 1, 1);\n  #if TWO_COLORED\n    vec4 texColor = vec4(1, 1, 1, 1);\n    texColor *= texture(cc_spriteTexture, uv0);\n     o.a = texColor.a * v_light.a;\n    o.rgb = ((texColor.a - 1.0) * v_dark.a + 1.0 - texColor.rgb) * v_dark.rgb + texColor.rgb * v_light.rgb;\n  #else\n    o *= texture(cc_spriteTexture, uv0);\n    o *= v_light;\n  #endif\n  ALPHA_TEST(o);\n  return o;\n}\nlayout(location = 0) out vec4 cc_FragColor;\nvoid main() { cc_FragColor = frag(); }"},"builtins":{"globals":{"blocks":[{"name":"CCGlobal","defines":[]},{"name":"CCCamera","defines":[]}],"samplerTextures":[],"buffers":[],"images":[]},"locals":{"blocks":[{"name":"CCLocal","defines":["USE_LOCAL"]}],"samplerTextures":[{"name":"cc_spriteTexture","defines":[]}],"buffers":[],"images":[]},"statistics":{"CC_EFFECT_USED_VERTEX_UNIFORM_VECTORS":54,"CC_EFFECT_USED_FRAGMENT_UNIFORM_VECTORS":1}},"defines":[{"name":"USE_LOCAL","type":"boolean"},{"name":"TWO_COLORED","type":"boolean"},{"name":"USE_ALPHA_TEST","type":"boolean"}]}],[{"passes":[{"program":"builtin-spine|sprite-vs:vert|sprite-fs:frag","blendState":{"targets":[{"blend":true,"blendSrc":2,"blendDst":4,"blendDstAlpha":4}]},"rasterizerState":{"cullMode":0},"depthStencilState":{"depthTest":false,"depthWrite":false},"properties":{"alphaThreshold":{"type":13,"value":[0.5]}}}]}]]],0,0,[],[],[]],[[[3,"missing-material",[{"rasterizerState":{},"depthStencilState":{},"blendState":{"targets":[{}]}}],[{"USE_COLOR":true}],[[[{},"mainColor",8,[4,4294902015]]],11]]],0,0,[0],[0],[1]],[[[0,"ui-sprite-gray-alpha-sep-material",[{}],[{"rasterizerState":{},"depthStencilState":{},"blendState":{"targets":[{}]}}],[{"USE_TEXTURE":true,"CC_USE_EMBEDDED_ALPHA":true,"IS_GRAY":true}]]],0,0,[0],[0],[0]],[[[0,"ui-base-material",[{}],[{"rasterizerState":{},"depthStencilState":{},"blendState":{"targets":[{}]}}],[{"USE_TEXTURE":false}]]],0,0,[0],[0],[0]],[[[0,"ui-sprite-gray-material",[{}],[{"rasterizerState":{},"depthStencilState":{},"blendState":{"targets":[{}]}}],[{"USE_TEXTURE":true,"CC_USE_EMBEDDED_ALPHA":false,"IS_GRAY":true}]]],0,0,[0],[0],[0]],[[[0,"ui-graphics-material",[{}],[{"rasterizerState":{},"depthStencilState":{},"blendState":{"targets":[{}]}}],[{}]]],0,0,[0],[0],[4]],[[[0,"ui-sprite-alpha-sep-material",[{}],[{"rasterizerState":{},"depthStencilState":{},"blendState":{"targets":[{}]}}],[{"USE_TEXTURE":true,"CC_USE_EMBEDDED_ALPHA":true,"IS_GRAY":false}]]],0,0,[0],[0],[0]],[[[0,"ui-sprite-material",[{}],[{"rasterizerState":{},"depthStencilState":{},"blendState":{"targets":[{}]}}],[{"USE_TEXTURE":true,"IS_GRAY":false,"CC_USE_EMBEDDED_ALPHA":false}]]],0,0,[0],[0],[0]],[[[1,"builtin-debug-renderer",[{"hash":1653470842,"name":"builtin-debug-renderer|debug-renderer-vs:vert|debug-renderer-fs:frag","blocks":[],"samplerTextures":[{"name":"mainTexture","type":28,"count":1,"stageFlags":16,"binding":0,"defines":[]}],"samplers":[],"textures":[],"buffers":[],"images":[],"subpassInputs":[],"attributes":[{"name":"a_position","format":21,"location":0,"defines":[]},{"name":"a_texCoord","format":21,"location":1,"defines":[]},{"name":"a_color","format":44,"location":2,"defines":[]}],"fragColors":[{"name":"cc_FragColor","typename":"vec4","type":16,"count":1,"stageFlags":16,"location":0,"defines":[]}],"glsl4":{"vert":"\nprecision mediump float;\nlayout(set = 0, binding = 0) uniform CCGlobal {\n  highp   vec4 cc_time;\n  mediump vec4 cc_screenSize;\n  mediump vec4 cc_nativeSize;\n  mediump vec4 cc_debug_view_mode;\n  mediump vec4 cc_debug_view_composite_pack_1;\n  mediump vec4 cc_debug_view_composite_pack_2;\n  mediump vec4 cc_debug_view_composite_pack_3;\n};\nlayout(set = 0, binding = 1) uniform CCCamera {\n  highp   mat4 cc_matView;\n  highp   mat4 cc_matViewInv;\n  highp   mat4 cc_matProj;\n  highp   mat4 cc_matProjInv;\n  highp   mat4 cc_matViewProj;\n  highp   mat4 cc_matViewProjInv;\n  highp   vec4 cc_cameraPos;\n  mediump vec4 cc_surfaceTransform;\n  mediump vec4 cc_screenScale;\n  mediump vec4 cc_exposure;\n  mediump vec4 cc_mainLitDir;\n  mediump vec4 cc_mainLitColor;\n  mediump vec4 cc_ambientSky;\n  mediump vec4 cc_ambientGround;\n  mediump vec4 cc_fogColor;\n  mediump vec4 cc_fogBase;\n  mediump vec4 cc_fogAdd;\n  mediump vec4 cc_nearFar;\n  mediump vec4 cc_viewPort;\n};\n#define QUATER_PI         0.78539816340\n#define HALF_PI           1.57079632679\n#define PI                3.14159265359\n#define PI2               6.28318530718\n#define PI4               12.5663706144\n#define INV_QUATER_PI     1.27323954474\n#define INV_HALF_PI       0.63661977237\n#define INV_PI            0.31830988618\n#define INV_PI2           0.15915494309\n#define INV_PI4           0.07957747155\n#define EPSILON           1e-6\n#define EPSILON_LOWP      1e-4\n#define LOG2              1.442695\n#define EXP_VALUE         2.71828183f\n#define FP_MAX            65504.0\n#define FP_SCALE          0.0009765625\n#define FP_SCALE_INV      1024.0\n#define GRAY_VECTOR       vec3(0.299, 0.587, 0.114)\nlayout(location = 0) in vec2 a_position;\nlayout(location = 1) in vec2 a_texCoord;\nlayout(location = 2) in vec4 a_color;\nlayout(location = 0) out vec2 v_texCoord;\nlayout(location = 1) out vec4 v_color;\nvec4 vert () {\n  int orientation = int(cc_surfaceTransform.x);\n  vec4 transform = vec4(1.0, 0.0, 0.0, 1.0);\n  if (orientation == 0) {\n    transform = vec4(1.0, 0.0, 0.0, 1.0);\n  } else if (orientation == 1) {\n    transform = vec4(0.0, 1.0, -1.0, 0.0);\n  } else if (orientation == 2) {\n    transform = vec4(-1.0, 0.0, 0.0, -1.0);\n  } else if (orientation == 3) {\n    transform =  vec4(0.0, -1.0, 1.0, 0.0);\n  }\n  vec2 invScreenSize = (orientation == 1 || orientation == 3) ? cc_screenSize.wz : cc_screenSize.zw;\n  vec2 position = a_position * invScreenSize;\n  position = position * vec2(2.0, -2.0) + vec2(-1.0, 1.0);\n  vec2 clipPos = vec2(dot(transform.xy, position), dot(transform.zw, position));\n  clipPos = cc_cameraPos.w == 0.0 ? vec2(clipPos.x, -clipPos.y) : clipPos;\n  v_texCoord = a_texCoord;\n  v_color = a_color;\n  return vec4(clipPos, 0.0, 1.0);\n}\nvoid main() { gl_Position = vert(); }","frag":"\nprecision mediump float;\nlayout(set = 0, binding = 0) uniform CCGlobal {\n  highp   vec4 cc_time;\n  mediump vec4 cc_screenSize;\n  mediump vec4 cc_nativeSize;\n  mediump vec4 cc_debug_view_mode;\n  mediump vec4 cc_debug_view_composite_pack_1;\n  mediump vec4 cc_debug_view_composite_pack_2;\n  mediump vec4 cc_debug_view_composite_pack_3;\n};\nlayout(set = 0, binding = 1) uniform CCCamera {\n  highp   mat4 cc_matView;\n  highp   mat4 cc_matViewInv;\n  highp   mat4 cc_matProj;\n  highp   mat4 cc_matProjInv;\n  highp   mat4 cc_matViewProj;\n  highp   mat4 cc_matViewProjInv;\n  highp   vec4 cc_cameraPos;\n  mediump vec4 cc_surfaceTransform;\n  mediump vec4 cc_screenScale;\n  mediump vec4 cc_exposure;\n  mediump vec4 cc_mainLitDir;\n  mediump vec4 cc_mainLitColor;\n  mediump vec4 cc_ambientSky;\n  mediump vec4 cc_ambientGround;\n  mediump vec4 cc_fogColor;\n  mediump vec4 cc_fogBase;\n  mediump vec4 cc_fogAdd;\n  mediump vec4 cc_nearFar;\n  mediump vec4 cc_viewPort;\n};\n#define CC_SURFACES_DEBUG_VIEW_VERTEX_COLOR 1\n#define CC_SURFACES_DEBUG_VIEW_VERTEX_NORMAL CC_SURFACES_DEBUG_VIEW_VERTEX_COLOR + 1\n#define CC_SURFACES_DEBUG_VIEW_VERTEX_TANGENT CC_SURFACES_DEBUG_VIEW_VERTEX_NORMAL + 1\n#define CC_SURFACES_DEBUG_VIEW_WORLD_POS CC_SURFACES_DEBUG_VIEW_VERTEX_TANGENT + 1\n#define CC_SURFACES_DEBUG_VIEW_VERTEX_MIRROR CC_SURFACES_DEBUG_VIEW_WORLD_POS + 1\n#define CC_SURFACES_DEBUG_VIEW_FACE_SIDE CC_SURFACES_DEBUG_VIEW_VERTEX_MIRROR + 1\n#define CC_SURFACES_DEBUG_VIEW_UV0 CC_SURFACES_DEBUG_VIEW_FACE_SIDE + 1\n#define CC_SURFACES_DEBUG_VIEW_UV1 CC_SURFACES_DEBUG_VIEW_UV0 + 1\n#define CC_SURFACES_DEBUG_VIEW_UVLIGHTMAP CC_SURFACES_DEBUG_VIEW_UV1 + 1\n#define CC_SURFACES_DEBUG_VIEW_PROJ_DEPTH CC_SURFACES_DEBUG_VIEW_UVLIGHTMAP + 1\n#define CC_SURFACES_DEBUG_VIEW_LINEAR_DEPTH CC_SURFACES_DEBUG_VIEW_PROJ_DEPTH + 1\n#define CC_SURFACES_DEBUG_VIEW_FRAGMENT_NORMAL CC_SURFACES_DEBUG_VIEW_LINEAR_DEPTH + 1\n#define CC_SURFACES_DEBUG_VIEW_FRAGMENT_TANGENT CC_SURFACES_DEBUG_VIEW_FRAGMENT_NORMAL + 1\n#define CC_SURFACES_DEBUG_VIEW_FRAGMENT_BINORMAL CC_SURFACES_DEBUG_VIEW_FRAGMENT_TANGENT + 1\n#define CC_SURFACES_DEBUG_VIEW_BASE_COLOR CC_SURFACES_DEBUG_VIEW_FRAGMENT_BINORMAL + 1\n#define CC_SURFACES_DEBUG_VIEW_DIFFUSE_COLOR CC_SURFACES_DEBUG_VIEW_BASE_COLOR + 1\n#define CC_SURFACES_DEBUG_VIEW_SPECULAR_COLOR CC_SURFACES_DEBUG_VIEW_DIFFUSE_COLOR + 1\n#define CC_SURFACES_DEBUG_VIEW_TRANSPARENCY CC_SURFACES_DEBUG_VIEW_SPECULAR_COLOR + 1\n#define CC_SURFACES_DEBUG_VIEW_METALLIC CC_SURFACES_DEBUG_VIEW_TRANSPARENCY + 1\n#define CC_SURFACES_DEBUG_VIEW_ROUGHNESS CC_SURFACES_DEBUG_VIEW_METALLIC + 1\n#define CC_SURFACES_DEBUG_VIEW_SPECULAR_INTENSITY CC_SURFACES_DEBUG_VIEW_ROUGHNESS + 1\n#define CC_SURFACES_DEBUG_VIEW_DIRECT_DIFFUSE CC_SURFACES_DEBUG_VIEW_SPECULAR_INTENSITY + 1\n#define CC_SURFACES_DEBUG_VIEW_DIRECT_SPECULAR CC_SURFACES_DEBUG_VIEW_DIRECT_DIFFUSE + 1\n#define CC_SURFACES_DEBUG_VIEW_DIRECT_ALL CC_SURFACES_DEBUG_VIEW_DIRECT_SPECULAR + 1\n#define CC_SURFACES_DEBUG_VIEW_ENV_DIFFUSE CC_SURFACES_DEBUG_VIEW_DIRECT_ALL + 1\n#define CC_SURFACES_DEBUG_VIEW_ENV_SPECULAR CC_SURFACES_DEBUG_VIEW_ENV_DIFFUSE + 1\n#define CC_SURFACES_DEBUG_VIEW_ENV_ALL CC_SURFACES_DEBUG_VIEW_ENV_SPECULAR + 1\n#define CC_SURFACES_DEBUG_VIEW_EMISSIVE CC_SURFACES_DEBUG_VIEW_ENV_ALL + 1\n#define CC_SURFACES_DEBUG_VIEW_LIGHT_MAP CC_SURFACES_DEBUG_VIEW_EMISSIVE + 1\n#define CC_SURFACES_DEBUG_VIEW_SHADOW CC_SURFACES_DEBUG_VIEW_LIGHT_MAP + 1\n#define CC_SURFACES_DEBUG_VIEW_AO CC_SURFACES_DEBUG_VIEW_SHADOW + 1\n#define CC_SURFACES_DEBUG_VIEW_FOG CC_SURFACES_DEBUG_VIEW_AO + 1\n#define CC_SURFACES_DEBUG_VIEW_SINGLE 1\n#define CC_SURFACES_DEBUG_VIEW_COMPOSITE_AND_MISC 2\n#define IS_DEBUG_VIEW_LIGHTING_ENABLE_WITH_ALBEDO (cc_debug_view_mode.y > 0.0)\n#define IS_DEBUG_VIEW_MISC_ENABLE_CSM_LAYER_COLORATION (cc_debug_view_mode.z > 0.0)\n#define IS_DEBUG_VIEW_COMPOSITE_ENABLE_DIRECT_DIFFUSE (cc_debug_view_composite_pack_1.x > 0.0)\n#define IS_DEBUG_VIEW_COMPOSITE_ENABLE_DIRECT_SPECULAR (cc_debug_view_composite_pack_1.y > 0.0)\n#define IS_DEBUG_VIEW_COMPOSITE_ENABLE_ENV_DIFFUSE (cc_debug_view_composite_pack_1.z > 0.0)\n#define IS_DEBUG_VIEW_COMPOSITE_ENABLE_ENV_SPECULAR (cc_debug_view_composite_pack_1.w > 0.0)\n#define IS_DEBUG_VIEW_COMPOSITE_ENABLE_EMISSIVE (cc_debug_view_composite_pack_2.x > 0.0)\n#define IS_DEBUG_VIEW_COMPOSITE_ENABLE_LIGHT_MAP (cc_debug_view_composite_pack_2.y > 0.0)\n#define IS_DEBUG_VIEW_COMPOSITE_ENABLE_SHADOW (cc_debug_view_composite_pack_2.z > 0.0)\n#define IS_DEBUG_VIEW_COMPOSITE_ENABLE_AO (cc_debug_view_composite_pack_2.w > 0.0)\n#define IS_DEBUG_VIEW_COMPOSITE_ENABLE_NORMAL_MAP (cc_debug_view_composite_pack_3.x > 0.0)\n#define IS_DEBUG_VIEW_COMPOSITE_ENABLE_FOG (cc_debug_view_composite_pack_3.y > 0.0)\n#define IS_DEBUG_VIEW_COMPOSITE_ENABLE_TONE_MAPPING (cc_debug_view_composite_pack_3.z > 0.0)\n#define IS_DEBUG_VIEW_COMPOSITE_ENABLE_GAMMA_CORRECTION (cc_debug_view_composite_pack_3.w > 0.0)\nvec4 CCFragOutput (vec4 color) {\n  return color;\n}\nlayout(location = 0) in vec2 v_texCoord;\nlayout(location = 1) in vec4 v_color;\nlayout(set = 1, binding = 0) uniform sampler2D mainTexture;\nvec4 frag () {\n  vec4 color = vec4(v_color.rgb, v_color.a * texture(mainTexture, v_texCoord).r);\n  return CCFragOutput(color);\n}\nlayout(location = 0) out vec4 cc_FragColor;\nvoid main() { cc_FragColor = frag(); }"},"builtins":{"globals":{"blocks":[{"name":"CCGlobal","defines":[]},{"name":"CCCamera","defines":[]}],"samplerTextures":[],"buffers":[],"images":[]},"locals":{"blocks":[],"samplerTextures":[],"buffers":[],"images":[]},"statistics":{"CC_EFFECT_USED_VERTEX_UNIFORM_VECTORS":44,"CC_EFFECT_USED_FRAGMENT_UNIFORM_VECTORS":44}},"defines":[]}],[{"passes":[{"program":"builtin-debug-renderer|debug-renderer-vs:vert|debug-renderer-fs:frag","priority":255,"blendState":{"targets":[{"blend":true,"blendSrc":2,"blendDst":4,"blendDstAlpha":4}]},"rasterizerState":{"cullMode":0},"depthStencilState":{"depthTest":false,"depthWrite":false}}]}]]],0,0,[],[],[]]]]
