[1,["b0MKTwHbZJ1rNlGZ+xKZ76@6c48a"],["_textureSource"],["cc.SpriteFrame"],0,[{"name":"background","rect":{"x":0,"y":0,"width":1027,"height":768},"offset":{"x":0,"y":0},"originalSize":{"width":1027,"height":768},"rotated":false,"capInsets":[0,0,0,0],"vertices":{"rawPosition":[-513.5,-384,0,513.5,-384,0,-513.5,384,0,513.5,384,0],"indexes":[0,1,2,2,1,3],"uv":[0,768,1027,768,0,0,1027,0],"nuv":[0,0,1,0,0,1,1,1],"minPos":{"x":-513.5,"y":-384,"z":0},"maxPos":{"x":513.5,"y":384,"z":0}},"packable":true,"pixelsToUnit":100,"pivot":{"x":0.5,"y":0.5},"meshType":0}],[0],0,[0],[0],[0]]
