[1,["9fg7yU2fxDnYsZAIW5CjMV@6c48a"],["_textureSource"],["cc.SpriteFrame"],0,[{"name":"text_gameover","rect":{"x":0,"y":0,"width":584,"height":108},"offset":{"x":0,"y":0},"originalSize":{"width":584,"height":108},"rotated":false,"capInsets":[0,0,0,0],"vertices":{"rawPosition":[-292,-54,0,292,-54,0,-292,54,0,292,54,0],"indexes":[0,1,2,2,1,3],"uv":[0,108,584,108,0,0,584,0],"nuv":[0,0,1,0,0,1,1,1],"minPos":{"x":-292,"y":-54,"z":0},"maxPos":{"x":292,"y":54,"z":0}},"packable":true,"pixelsToUnit":100,"pivot":{"x":0.5,"y":0.5},"meshType":0}],[0],0,[0],[0],[0]]
