[1,["9f7NMx9n9NiKcUvvazihHT@6c48a"],["_textureSource"],["cc.SpriteFrame"],0,[{"name":"time_bar","rect":{"x":0,"y":0,"width":290,"height":15},"offset":{"x":0,"y":0},"originalSize":{"width":290,"height":15},"rotated":false,"capInsets":[16,7,18,6],"vertices":{"rawPosition":[-145,-7.5,0,145,-7.5,0,-145,7.5,0,145,7.5,0],"indexes":[0,1,2,2,1,3],"uv":[0,15,290,15,0,0,290,0],"nuv":[0,0,1,0,0,1,1,1],"minPos":{"x":-145,"y":-7.5,"z":0},"maxPos":{"x":145,"y":7.5,"z":0}},"packable":true,"pixelsToUnit":100,"pivot":{"x":0.5,"y":0.5},"meshType":0}],[0],0,[0],[0],[0]]
