[1,["632EixxLZOj7l6awlXR1v+@6c48a","60sq5Lk0RLnrkD5UHgvn91"],["node","root","data","_skeletonData"],[["sp.SkeletonData",["_name","_atlasText","textureNames","_skeletonJson","textures"],-1,3],["cc.Prefab",["_name"],2],["cc.Node",["_name","_layer","_components","_prefab"],1,9,4],["cc.UITransform",["node","__prefab","_contentSize"],3,1,4,5],["cc.CompPrefabInfo",["fileId"],2],["sp.Skeleton",["loop","_preCacheMode","_premultipliedAlpha","defaultSkin","defaultAnimation","node","__prefab","_skeletonData"],-2,1,4,6],["cc.PrefabInfo",["fileId","root","asset"],2,1,1]],[[4,0,2],[0,0,1,2,3,4,5],[1,0,2],[2,0,1,2,3,3],[3,0,1,2,1],[5,0,1,2,3,4,5,6,7,6],[6,0,1,2,2]],[[[[1,"fx_bom","\nfx_bom.png\nsize: 292,524\nformat: RGBA8888\nfilter: Linear,Linear\nrepeat: none\n0\n  rotate: false\n  xy: 218, 421\n  size: 25, 25\n  orig: 126, 126\n  offset: 51, 50\n  index: -1\n1\n  rotate: true\n  xy: 210, 273\n  size: 62, 64\n  orig: 126, 126\n  offset: 35, 30\n  index: -1\n10\n  rotate: false\n  xy: 2, 202\n  size: 102, 102\n  orig: 126, 126\n  offset: 12, 12\n  index: -1\n11\n  rotate: false\n  xy: 112, 418\n  size: 104, 104\n  orig: 126, 126\n  offset: 11, 11\n  index: -1\n12\n  rotate: false\n  xy: 2, 306\n  size: 106, 106\n  orig: 126, 126\n  offset: 10, 10\n  index: -1\n13\n  rotate: false\n  xy: 2, 414\n  size: 108, 108\n  orig: 126, 126\n  offset: 9, 9\n  index: -1\n14\n  rotate: true\n  xy: 110, 226\n  size: 92, 93\n  orig: 126, 126\n  offset: 20, 16\n  index: -1\n15\n  rotate: false\n  xy: 106, 131\n  size: 93, 93\n  orig: 126, 126\n  offset: 19, 16\n  index: -1\n2\n  rotate: false\n  xy: 218, 448\n  size: 70, 74\n  orig: 126, 126\n  offset: 30, 24\n  index: -1\n3\n  rotate: false\n  xy: 210, 337\n  size: 80, 79\n  orig: 126, 126\n  offset: 24, 23\n  index: -1\n4\n  rotate: false\n  xy: 198, 39\n  size: 90, 90\n  orig: 126, 126\n  offset: 18, 18\n  index: -1\n5\n  rotate: false\n  xy: 2, 2\n  size: 98, 96\n  orig: 126, 126\n  offset: 14, 15\n  index: -1\n6\n  rotate: true\n  xy: 201, 136\n  size: 88, 86\n  orig: 126, 126\n  offset: 20, 20\n  index: -1\n7\n  rotate: false\n  xy: 104, 37\n  size: 92, 92\n  orig: 126, 126\n  offset: 17, 17\n  index: -1\n8\n  rotate: false\n  xy: 112, 320\n  size: 96, 96\n  orig: 126, 126\n  offset: 15, 15\n  index: -1\n9\n  rotate: false\n  xy: 2, 100\n  size: 100, 100\n  orig: 126, 126\n  offset: 13, 13\n  index: -1\n",["fx_bom.png"],{"skeleton":{"hash":"m+EMntuHDHHnG8+V1PZdpoiQCi8","spine":"3.7.94","width":246.85,"height":246.85,"images":"","audio":""},"bones":[{"name":"root","scaleX":0.312,"scaleY":0.312},{"name":"bone","parent":"root","scaleX":6.286,"scaleY":6.286}],"slots":[{"name":"0","bone":"bone","attachment":"9"}],"skins":{"default":{"0":{"0":{"width":126,"height":126},"1":{"width":126,"height":126},"2":{"width":126,"height":126},"3":{"width":126,"height":126},"4":{"width":126,"height":126},"5":{"width":126,"height":126},"6":{"width":126,"height":126},"7":{"width":126,"height":126},"8":{"width":126,"height":126},"9":{"width":126,"height":126},"10":{"width":126,"height":126},"11":{"width":126,"height":126},"12":{"width":126,"height":126},"13":{"width":126,"height":126},"14":{"width":126,"height":126},"15":{"width":126,"height":126}}}},"animations":{"animation":{"slots":{"0":{"attachment":[{"time":0,"name":"0"},{"time":0.0333,"name":"1"},{"time":0.0667,"name":"2"},{"time":0.1,"name":"3"},{"time":0.1333,"name":"4"},{"time":0.1667,"name":"5"},{"time":0.2,"name":"6"},{"time":0.2333,"name":"7"},{"time":0.2667,"name":"8"},{"time":0.3,"name":"9"},{"time":0.3333,"name":"10"},{"time":0.3667,"name":"11"},{"time":0.4,"name":"12"},{"time":0.4333,"name":"13"},{"time":0.4667,"name":"14"},{"time":0.5,"name":"15"}]}}}}},[0]]],0,0,[0],[-1],[0]],[[[2,"fx_bom"],[3,"fx_bom",1,[[4,-2,[0,"bcqkpPa0hFHJT+hee1dcTW"],[5,246.85,246.85]],[5,false,0,false,"default","animation",-3,[0,"72uq6MP4ZBbanc9b5E2nk0"],0]],[6,"d76zhw6+hH64OQcNgE2F94",-1,0]]],0,[0,1,1,0,0,1,0,0,1,0,2,1,3],[0],[3],[1]]]]
