[1,["97/YcKUvxBD6eNkhsfqFas@6c48a"],["_textureSource"],["cc.SpriteFrame"],0,[{"name":"obstacle_2","rect":{"x":0,"y":0,"width":51,"height":152},"offset":{"x":0,"y":0},"originalSize":{"width":51,"height":152},"rotated":false,"capInsets":[0,0,0,0],"vertices":{"rawPosition":[-25.5,-76,0,25.5,-76,0,-25.5,76,0,25.5,76,0],"indexes":[0,1,2,2,1,3],"uv":[0,152,51,152,0,0,51,0],"nuv":[0,0,1,0,0,1,1,1],"minPos":{"x":-25.5,"y":-76,"z":0},"maxPos":{"x":25.5,"y":76,"z":0}},"packable":true,"pixelsToUnit":100,"pivot":{"x":0.5,"y":0.5},"meshType":0}],[0],0,[0],[0],[0]]
