[1,["fbFETkKP1Hy6YMQ22B7ES+@6c48a"],["_textureSource"],["cc.SpriteFrame"],0,[{"name":"obstacle_5","rect":{"x":0,"y":0,"width":67,"height":279},"offset":{"x":0,"y":0},"originalSize":{"width":67,"height":279},"rotated":false,"capInsets":[13,56,15,71],"vertices":{"rawPosition":[-33.5,-139.5,0,33.5,-139.5,0,-33.5,139.5,0,33.5,139.5,0],"indexes":[0,1,2,2,1,3],"uv":[0,279,67,279,0,0,67,0],"nuv":[0,0,1,0,0,1,1,1],"minPos":{"x":-33.5,"y":-139.5,"z":0},"maxPos":{"x":33.5,"y":139.5,"z":0}},"packable":true,"pixelsToUnit":100,"pivot":{"x":0.5,"y":0.5},"meshType":0}],[0],0,[0],[0],[0]]
