[1,["c5ReRzt1BFSIfy0TGsxvzv@6c48a"],["_textureSource"],["cc.SpriteFrame"],0,[{"name":"phi_tieu","rect":{"x":2,"y":2,"width":84,"height":84},"offset":{"x":0,"y":0},"originalSize":{"width":88,"height":88},"rotated":false,"capInsets":[0,0,0,0],"vertices":{"rawPosition":[-42,-42,0,42,-42,0,-42,42,0,42,42,0],"indexes":[0,1,2,2,1,3],"uv":[2,86,86,86,2,2,86,2],"nuv":[0.022727272727272728,0.022727272727272728,0.9772727272727273,0.022727272727272728,0.022727272727272728,0.9772727272727273,0.9772727272727273,0.9772727272727273],"minPos":{"x":-42,"y":-42,"z":0},"maxPos":{"x":42,"y":42,"z":0}},"packable":true,"pixelsToUnit":100,"pivot":{"x":0.5,"y":0.5},"meshType":0}],[0],0,[0],[0],[0]]
