{"importBase":"import","nativeBase":"native","name":"main","deps":["resources"],"uuids":["04SNYQ0X5Fb40JxC3eyIjb@f9941","04c2d8d03","05972de64","27rLobLApGqrHW1LysPPBT","09WZGHtvxJhaw0TNwTekRd@f9941","0a6a6b986","1cKAQQeqtOrpFSat69zXWj@f9941","1db9pg7zBE2Lb0A4sOgGfh@f9941","1drCTVlnpPOpAKNJ+470h2@f9941","20g1ukYUVPvKWKBRznAKo+","20g1ukYUVPvKWKBRznAKo+@6c48a","20g1ukYUVPvKWKBRznAKo+@f9941","23CNxYW9tLX4GoU84udw6J","2botgeBmZGCKkDJeFUwF+z@f9941","309qyHbTpGuYfnCaYgZbWJ","32hb88WV5DB6qyHkTr4Cwu","38bwY5TF9EJpsyONiR5+F2@f9941","42v0u7H4lGabKT/+p0ZUDa@f9941","478VZimZVHl7IPmyBAPtQ3@f9941","48DK1y/hRAK7x73FVmn/2N","48JP6aWYtNOqwVm9uWKN35@f9941","54TknWPwVPqJqeCR+Y/Czo","54TknWPwVPqJqeCR+Y/Czo@6c48a","54TknWPwVPqJqeCR+Y/Czo@f9941","65o8/c5RhOm65urr0b9gi1","65+gRvei9Pv6W0esao3AAH@f9941","66Kk08+z1JuLYwf8W8BhaL@f9941","6aWWMM7qZDMJ8E5UEHnAJz","70OUVQwlpOgqy47DRsdabH","78J5trbpFAKLUDCIhojAmq@f9941","79vQOQmPBH3LnVZ5GSZPuY","7bUAMuVVFPFoPn0yI68EFw@f9941","84EIV4WH5GkbkfNmNOMdjS@f9941","85J6U/OFdE/Iwx7MmBj7c7","8ee8fiQIlLPqXG+5IPdzEm","95EkngnxZFbYuFpsqVTaFr","95EkngnxZFbYuFpsqVTaFr@6c48a","95EkngnxZFbYuFpsqVTaFr@f9941","97/YcKUvxBD6eNkhsfqFas@f9941","99YnuDuyFLIYK6XX0gs/PB@f9941","9fg7yU2fxDnYsZAIW5CjMV@f9941","9f7NMx9n9NiKcUvvazihHT@f9941","a1sEMMjoVAEZ79Ak8/Aj3D@f9941","aei3GZ6sFHfIW8A+YCvFNo@f9941","b0MKTwHbZJ1rNlGZ+xKZ76@f9941","b8dD44q3pIr51dRfrep97F@f9941","b86rdZP6pDAJrC8FY1EhaY@f9941","c9c0+4M7xFeKygT1y9wTle","cdqstFHC9O3L5dtrhuFyiK@f9941","d0vC0kS91Cg5jdYg9Lv9xu","dciEXe/upAZor3ngFuuh00@f9941","ddYCINha1IIrRZKtoJV1Oe@f9941","e5CKnVvW1Ofr8EjWrMgG2k@f9941","f5VMVhV8xOS6w7vpGrtgb5@f9941","f9yEeGrG1DAJ7D0c4CcukV@f9941","fbFETkKP1Hy6YMQ22B7ES+@f9941","fdjsU2o1RKF5x0TziDw3jI"],"paths":{"56":["db:/internal/default_renderpipeline/builtin-forward",0]},"scenes":{"db://assets/scene/LoadingScene.scene":12,"db://assets/scene/GameScene.scene":3,"db://assets/scene/Test.scene":28,"db://assets/scene/MainMenuScene.scene":34},"packs":{"04c2d8d03":["21","9","35"],"05972de64":["11","3","23","37"],"0a6a6b986":["22","10","36"]},"versions":{"import":[],"native":[]},"redirect":[0,"0",4,"0",6,"0",7,"0",8,"0",13,"0",14,"0",15,"0",16,"0",17,"0",18,"0",19,"0",20,"0",24,"0",25,"0",26,"0",27,"0",29,"0",30,"0",31,"0",32,"0",33,"0",38,"0",39,"0",40,"0",41,"0",42,"0",43,"0",44,"0",45,"0",46,"0",47,"0",48,"0",49,"0",50,"0",51,"0",52,"0",53,"0",54,"0",55,"0"],"debug":false,"extensionMap":{},"types":["cc.RenderPipeline"]}