[1,["54mxpmIvxLKKPmaKHSuYtS@6c48a"],["_textureSource"],["cc.SpriteFrame"],0,[{"name":"soc","rect":{"x":2,"y":2,"width":256,"height":88},"offset":{"x":0,"y":0},"originalSize":{"width":260,"height":92},"rotated":false,"capInsets":[0,0,0,0],"vertices":{"rawPosition":[-128,-44,0,128,-44,0,-128,44,0,128,44,0],"indexes":[0,1,2,2,1,3],"uv":[2,90,258,90,2,2,258,2],"nuv":[0.007692307692307693,0.021739130434782608,0.9923076923076923,0.021739130434782608,0.007692307692307693,0.9782608695652174,0.9923076923076923,0.9782608695652174],"minPos":{"x":-128,"y":-44,"z":0},"maxPos":{"x":128,"y":44,"z":0}},"packable":true,"pixelsToUnit":100,"pivot":{"x":0.5,"y":0.5},"meshType":0}],[0],0,[0],[0],[0]]
