[1,["1db9pg7zBE2Lb0A4sOgGfh@6c48a"],["_textureSource"],["cc.SpriteFrame"],0,[{"name":"button_pause","rect":{"x":0,"y":0,"width":36,"height":39},"offset":{"x":0,"y":0},"originalSize":{"width":36,"height":39},"rotated":false,"capInsets":[0,0,0,0],"vertices":{"rawPosition":[-18,-19.5,0,18,-19.5,0,-18,19.5,0,18,19.5,0],"indexes":[0,1,2,2,1,3],"uv":[0,39,36,39,0,0,36,0],"nuv":[0,0,1,0,0,1,1,1],"minPos":{"x":-18,"y":-19.5,"z":0},"maxPos":{"x":18,"y":19.5,"z":0}},"packable":true,"pixelsToUnit":100,"pivot":{"x":0.5,"y":0.5},"meshType":0}],[0],0,[0],[0],[0]]
