[1,["1drCTVlnpPOpAKNJ+470h2@6c48a"],["_textureSource"],["cc.SpriteFrame"],0,[{"name":"sound_on","rect":{"x":0,"y":0,"width":44,"height":48},"offset":{"x":0,"y":0},"originalSize":{"width":44,"height":48},"rotated":false,"capInsets":[0,0,0,0],"vertices":{"rawPosition":[-22,-24,0,22,-24,0,-22,24,0,22,24,0],"indexes":[0,1,2,2,1,3],"uv":[0,48,44,48,0,0,44,0],"nuv":[0,0,1,0,0,1,1,1],"minPos":{"x":-22,"y":-24,"z":0},"maxPos":{"x":22,"y":24,"z":0}},"packable":true,"pixelsToUnit":100,"pivot":{"x":0.5,"y":0.5},"meshType":0}],[0],0,[0],[0],[0]]
