{"importBase":"import","nativeBase":"native","name":"resources","deps":[],"uuids":["000Uxm4dlN5rfXYbKAx8tL","01nrlad4RAMqXy+RJbUj+2","01f3a5fc1","023922997","04SNYQ0X5Fb40JxC3eyIjb","04SNYQ0X5Fb40JxC3eyIjb@6c48a","42v0u7H4lGabKT/+p0ZUDa","478VZimZVHl7IPmyBAPtQ3","478VZimZVHl7IPmyBAPtQ3@6c48a","48DK1y/hRAK7x73FVmn/2N","04SNYQ0X5Fb40JxC3eyIjb@f9941","05FETqQGtA7JynNJIfTCkY","06AFXbiKtKw45ZNL5Gc1Je","06fc4416c","07127d865","09WZGHtvxJhaw0TNwTekRd","09WZGHtvxJhaw0TNwTekRd@6c48a","1db9pg7zBE2Lb0A4sOgGfh","1db9pg7zBE2Lb0A4sOgGfh@6c48a","1drCTVlnpPOpAKNJ+470h2","1drCTVlnpPOpAKNJ+470h2@6c48a","09WZGHtvxJhaw0TNwTekRd@f9941","0aszrpH7RLKaz/Ipyv2/Am","0b0U4ARMlBJ4v3qNB/zjik","0c9665fa5","1cKAQQeqtOrpFSat69zXWj","1cKAQQeqtOrpFSat69zXWj@6c48a","2botgeBmZGCKkDJeFUwF+z","2botgeBmZGCKkDJeFUwF+z@6c48a","38bwY5TF9EJpsyONiR5+F2","38bwY5TF9EJpsyONiR5+F2@6c48a","42v0u7H4lGabKT/+p0ZUDa@6c48a","48JP6aWYtNOqwVm9uWKN35","48JP6aWYtNOqwVm9uWKN35@6c48a","4d/6PBow9EEL6ymbFlbN80","4d/6PBow9EEL6ymbFlbN80@6c48a","51F4csBKlCIKyqpOzdRBga","51F4csBKlCIKyqpOzdRBga@6c48a","54mxpmIvxLKKPmaKHSuYtS","54mxpmIvxLKKPmaKHSuYtS@6c48a","5e32N4wk5JUpHEVMhrA75G","5e32N4wk5JUpHEVMhrA75G@6c48a","60sq5Lk0RLnrkD5UHgvn91","632EixxLZOj7l6awlXR1v+","632EixxLZOj7l6awlXR1v+@6c48a","65o8/c5RhOm65urr0b9gi1","65+gRvei9Pv6W0esao3AAH","65+gRvei9Pv6W0esao3AAH@6c48a","66Kk08+z1JuLYwf8W8BhaL","66Kk08+z1JuLYwf8W8BhaL@6c48a","78J5trbpFAKLUDCIhojAmq","78J5trbpFAKLUDCIhojAmq@6c48a","79vQOQmPBH3LnVZ5GSZPuY","7bQgqMpJRDs72ybvXyIDt1","7bQgqMpJRDs72ybvXyIDt1@6c48a","7bUAMuVVFPFoPn0yI68EFw","7bUAMuVVFPFoPn0yI68EFw@6c48a","84EIV4WH5GkbkfNmNOMdjS","84EIV4WH5GkbkfNmNOMdjS@6c48a","97/YcKUvxBD6eNkhsfqFas","97/YcKUvxBD6eNkhsfqFas@6c48a","99SuI83kNIIbtzX+IPFHTq","99YnuDuyFLIYK6XX0gs/PB","99YnuDuyFLIYK6XX0gs/PB@6c48a","9b+pCY5gRMMZlQ52GmLBBb","9b+pCY5gRMMZlQ52GmLBBb@6c48a","9fg7yU2fxDnYsZAIW5CjMV","9fg7yU2fxDnYsZAIW5CjMV@6c48a","9f7NMx9n9NiKcUvvazihHT","9f7NMx9n9NiKcUvvazihHT@6c48a","a1sEMMjoVAEZ79Ak8/Aj3D","a1sEMMjoVAEZ79Ak8/Aj3D@6c48a","aei3GZ6sFHfIW8A+YCvFNo","aei3GZ6sFHfIW8A+YCvFNo@6c48a","b0MKTwHbZJ1rNlGZ+xKZ76","b0MKTwHbZJ1rNlGZ+xKZ76@6c48a","b8dD44q3pIr51dRfrep97F","b8dD44q3pIr51dRfrep97F@6c48a","b86rdZP6pDAJrC8FY1EhaY","b86rdZP6pDAJrC8FY1EhaY@6c48a","c5ReRzt1BFSIfy0TGsxvzv","c5ReRzt1BFSIfy0TGsxvzv@6c48a","cdqstFHC9O3L5dtrhuFyiK","cdqstFHC9O3L5dtrhuFyiK@6c48a","d0vC0kS91Cg5jdYg9Lv9xu","d4QevuqsZC3YnwDSLX7T85","d4QevuqsZC3YnwDSLX7T85@6c48a","dciEXe/upAZor3ngFuuh00","dciEXe/upAZor3ngFuuh00@6c48a","ddYCINha1IIrRZKtoJV1Oe","ddYCINha1IIrRZKtoJV1Oe@6c48a","e4MkMmG2RD1KpfQh9eA6cG","e4MkMmG2RD1KpfQh9eA6cG@6c48a","e5CKnVvW1Ofr8EjWrMgG2k","e5CKnVvW1Ofr8EjWrMgG2k@6c48a","e8tacpcYVIvL2MBIO8zWFf","e8tacpcYVIvL2MBIO8zWFf@6c48a","f5VMVhV8xOS6w7vpGrtgb5","f5VMVhV8xOS6w7vpGrtgb5@6c48a","f9yEeGrG1DAJ7D0c4CcukV","f9yEeGrG1DAJ7D0c4CcukV@6c48a","fbFETkKP1Hy6YMQ22B7ES+","fbFETkKP1Hy6YMQ22B7ES+@6c48a","1cKAQQeqtOrpFSat69zXWj@f9941","1db9pg7zBE2Lb0A4sOgGfh@f9941","1drCTVlnpPOpAKNJ+470h2@f9941","2botgeBmZGCKkDJeFUwF+z@f9941","309qyHbTpGuYfnCaYgZbWJ","32hb88WV5DB6qyHkTr4Cwu","38bwY5TF9EJpsyONiR5+F2@f9941","42v0u7H4lGabKT/+p0ZUDa@f9941","478VZimZVHl7IPmyBAPtQ3@f9941","48JP6aWYtNOqwVm9uWKN35@f9941","49OaIouphOJKSx4TIHK9/g","4aORcuUnZAPoilqVCBV9nB","4d/6PBow9EEL6ymbFlbN80@f9941","51F4csBKlCIKyqpOzdRBga@f9941","54mxpmIvxLKKPmaKHSuYtS@f9941","5dJq7Jim9LyKOwq16cH+6w","5e32N4wk5JUpHEVMhrA75G@f9941","632EixxLZOj7l6awlXR1v+@f9941","65+gRvei9Pv6W0esao3AAH@f9941","66Kk08+z1JuLYwf8W8BhaL@f9941","68jvV9TIlAlZvcXoPwCMsR","6aWWMM7qZDMJ8E5UEHnAJz","6fJ8ldwsJHm41Qt1e9WgGo","78J5trbpFAKLUDCIhojAmq@f9941","7bQgqMpJRDs72ybvXyIDt1@f9941","7bUAMuVVFPFoPn0yI68EFw@f9941","7boZxtMIxJR6dGodf+tonk","84EIV4WH5GkbkfNmNOMdjS@f9941","85CT7Nqf9AV6sy1hgMywfr","85J6U/OFdE/Iwx7MmBj7c7","8e6MdFllBKgp1AmWfglzFF","97/YcKUvxBD6eNkhsfqFas@f9941","99YnuDuyFLIYK6XX0gs/PB@f9941","9b+pCY5gRMMZlQ52GmLBBb@f9941","9fg7yU2fxDnYsZAIW5CjMV@f9941","9f7NMx9n9NiKcUvvazihHT@f9941","a1sEMMjoVAEZ79Ak8/Aj3D@f9941","a4jDV9AfFCD4tG8pApDbb3","aei3GZ6sFHfIW8A+YCvFNo@f9941","b0MKTwHbZJ1rNlGZ+xKZ76@f9941","b8dD44q3pIr51dRfrep97F@f9941","b86rdZP6pDAJrC8FY1EhaY@f9941","b9sBUJ6AZAKKfTWvGDuDOT","bcb+wGZupBKoTd53M0Il1b","c2IZrk8iJJNpkVP1jvkuyo","c5ReRzt1BFSIfy0TGsxvzv@f9941","c9c0+4M7xFeKygT1y9wTle","cdqstFHC9O3L5dtrhuFyiK@f9941","d4QevuqsZC3YnwDSLX7T85@f9941","d5H5iEcpRJRqF0iBDOxPvX","d6TFoZX2RGRaCrKQanRWsG","dciEXe/upAZor3ngFuuh00@f9941","ddYCINha1IIrRZKtoJV1Oe@f9941","e4MkMmG2RD1KpfQh9eA6cG@f9941","e5CKnVvW1Ofr8EjWrMgG2k@f9941","e8tacpcYVIvL2MBIO8zWFf@f9941","efvY68+VVDP5yN3PWweQ1s","f5VMVhV8xOS6w7vpGrtgb5@f9941","f58eovWnpJOId9Q287DYPH","f9yEeGrG1DAJ7D0c4CcukV@f9941","fbFETkKP1Hy6YMQ22B7ES+@f9941"],"paths":{"0":["sound/eff_ohoh",5],"1":["anim/fx_die/fx_die",6],"4":["images/obstacle_6",1],"5":["images/obstacle_6/texture",2,1],"6":["images/time_bar_notfull",1],"7":["images/magnet",1],"8":["images/magnet/texture",2,1],"9":["prefab/fx_impack",4],"10":["images/obstacle_6/spriteFrame",3,1],"11":["anim/fx_bom/fx_bom",6],"12":["sound/eff_heyzo",5],"15":["images/text_pause",1],"16":["images/text_pause/texture",2,1],"17":["images/button_pause",1],"18":["images/button_pause/texture",2,1],"19":["images/sound_on",1],"20":["images/sound_on/texture",2,1],"21":["images/text_pause/spriteFrame",3,1],"22":["sound/coin2",5],"23":["anim/fx_impack/fx_impack",6],"25":["images/button_reload",1],"26":["images/button_reload/texture",2,1],"27":["images/bg_home",1],"28":["images/bg_home/texture",2,1],"29":["images/obstacle_1",1],"30":["images/obstacle_1/texture",2,1],"31":["images/time_bar_notfull/texture",2,1],"32":["images/x",1],"33":["images/x/texture",2,1],"34":["images/Snow",1],"35":["images/Snow/texture",2,1],"36":["anim/fx_die/note",1],"37":["anim/fx_die/note/texture",2,1],"38":["anim/soc/soc",1],"39":["anim/soc/soc/texture",2,1],"40":["anim/fx_die/fx_die",1],"41":["anim/fx_die/fx_die/texture",2,1],"42":["anim/fx_bom/fx_bom",7],"43":["anim/fx_bom/fx_bom",1],"44":["anim/fx_bom/fx_bom/texture",2,1],"45":["anim/fx_impack/fx_impack",7],"46":["images/name_game",1],"47":["images/name_game/texture",2,1],"48":["images/button_play",1],"49":["images/button_play/texture",2,1],"50":["images/play",1],"51":["images/play/texture",2,1],"52":["anim/fx_die/fx_die",7],"53":["anim/fx_impack/fx_impack",1],"54":["anim/fx_impack/fx_impack/texture",2,1],"55":["images/sound_off",1],"56":["images/sound_off/texture",2,1],"57":["images/button",1],"58":["images/button/texture",2,1],"59":["images/obstacle_2",1],"60":["images/obstacle_2/texture",2,1],"61":["prefab/fx_bom",4],"62":["images/slow",1],"63":["images/slow/texture",2,1],"64":["images/shield",1],"65":["images/shield/texture",2,1],"66":["images/text_gameover",1],"67":["images/text_gameover/texture",2,1],"68":["images/time_bar",1],"69":["images/time_bar/texture",2,1],"70":["images/button_resume",1],"71":["images/button_resume/texture",2,1],"72":["images/hourglass",1],"73":["images/hourglass/texture",2,1],"74":["images/background",1],"75":["images/background/texture",2,1],"76":["images/guide_icon",1],"77":["images/guide_icon/texture",2,1],"78":["images/button_home",1],"79":["images/button_home/texture",2,1],"80":["anim/phi_tieu/phi_tieu",1],"81":["anim/phi_tieu/phi_tieu/texture",2,1],"82":["images/Guide",1],"83":["images/Guide/texture",2,1],"84":["prefab/fx_die",4],"85":["images/obstacle_7",1],"86":["images/obstacle_7/texture",2,1],"87":["images/background edge",1],"88":["images/background edge/texture",2,1],"89":["images/box",1],"90":["images/box/texture",2,1],"91":["images/black_opacity",1],"92":["images/black_opacity/texture",2,1],"93":["images/fast",1],"94":["images/fast/texture",2,1],"95":["images/obstacle_4",1],"96":["images/obstacle_4/texture",2,1],"97":["images/stop_time",1],"98":["images/stop_time/texture",2,1],"99":["images/Beech_nuts",1],"100":["images/Beech_nuts/texture",2,1],"101":["images/obstacle_5",1],"102":["images/obstacle_5/texture",2,1],"103":["images/button_reload/spriteFrame",3,1],"104":["images/button_pause/spriteFrame",3,1],"105":["images/sound_on/spriteFrame",3,1],"106":["images/bg_home/spriteFrame",3,1],"107":["anim/phi_tieu/phi_tieu",7],"108":["sound/eff_boom",5],"109":["images/obstacle_1/spriteFrame",3,1],"110":["images/time_bar_notfull/spriteFrame",3,1],"111":["images/magnet/spriteFrame",3,1],"112":["images/x/spriteFrame",3,1],"113":["sound/music_game",5],"114":["sound/shoot_gun_1a",5],"115":["images/Snow/spriteFrame",3,1],"116":["anim/fx_die/note/spriteFrame",3,1],"117":["anim/soc/soc/spriteFrame",3,1],"118":["sound/eff_splash",5],"119":["anim/fx_die/fx_die/spriteFrame",3,1],"120":["anim/fx_bom/fx_bom/spriteFrame",3,1],"121":["images/name_game/spriteFrame",3,1],"122":["images/button_play/spriteFrame",3,1],"123":["anim/phi_tieu/phi_tieu",6],"124":["fonts/Sitges Vintage",0],"125":["sound/eff_item_clock",5],"126":["images/play/spriteFrame",3,1],"127":["anim/fx_impack/fx_impack/spriteFrame",3,1],"128":["images/sound_off/spriteFrame",3,1],"129":["sound/eff_hehe",5],"130":["images/button/spriteFrame",3,1],"131":["anim/soc/soc",6],"132":["anim/soc/soc",7],"133":["sound/eff_attack",5],"134":["images/obstacle_2/spriteFrame",3,1],"135":["images/slow/spriteFrame",3,1],"136":["images/shield/spriteFrame",3,1],"137":["images/text_gameover/spriteFrame",3,1],"138":["images/time_bar/spriteFrame",3,1],"139":["images/button_resume/spriteFrame",3,1],"140":["sound/coin",5],"141":["images/hourglass/spriteFrame",3,1],"142":["images/background/spriteFrame",3,1],"143":["images/guide_icon/spriteFrame",3,1],"144":["images/button_home/spriteFrame",3,1],"145":["sound/man_hit",5],"146":["sound/snd_swords",5],"147":["sound/snd_swing1",5],"148":["anim/phi_tieu/phi_tieu/spriteFrame",3,1],"149":["sound/bg_game",5],"150":["images/Guide/spriteFrame",3,1],"151":["images/obstacle_7/spriteFrame",3,1],"152":["sound/eff_jump",5],"153":["sound/eff_win",5],"154":["images/background edge/spriteFrame",3,1],"155":["images/box/spriteFrame",3,1],"156":["images/black_opacity/spriteFrame",3,1],"157":["images/fast/spriteFrame",3,1],"158":["images/obstacle_4/spriteFrame",3,1],"159":["sound/eff_uida2",5],"160":["images/stop_time/spriteFrame",3,1],"161":["sound/eff_click",5],"162":["images/Beech_nuts/spriteFrame",3,1],"163":["images/obstacle_5/spriteFrame",3,1]},"scenes":{},"packs":{"01f3a5fc1":["9","45"],"023922997":["25","17","19","27","34","40","53","55","64","66","68","6","7","43","46","59","29","4","38","48","32","50","62","36","15","57","70","72","78","74","76","80","82","85","87","89","95","93","91","99","97","101"],"06fc4416c":["42","61"],"07127d865":["52","84"],"0c9665fa5":["26","18","20","28","35","41","54","56","65","67","69","31","8","44","47","60","30","5","39","49","33","51","63","37","16","58","71","73","79","75","77","81","83","86","88","90","96","94","92","100","98","102"]},"versions":{"import":[],"native":[]},"redirect":[],"debug":false,"extensionMap":{},"types":["cc.TTFFont","cc.ImageAsset","cc.Texture2D","cc.SpriteFrame","cc.Prefab","cc.AudioClip","cc.Asset","sp.SkeletonData"]}