[1,["f9yEeGrG1DAJ7D0c4CcukV@f9941","48DK1y/hRAK7x73FVmn/2N","97/YcKUvxBD6eNkhsfqFas@f9941","fbFETkKP1Hy6YMQ22B7ES+@f9941","04SNYQ0X5Fb40JxC3eyIjb@f9941","38bwY5TF9EJpsyONiR5+F2@f9941","309qyHbTpGuYfnCaYgZbWJ","f5VMVhV8xOS6w7vpGrtgb5@f9941","84EIV4WH5GkbkfNmNOMdjS@f9941","99YnuDuyFLIYK6XX0gs/PB@f9941","e5CKnVvW1Ofr8EjWrMgG2k@f9941","20g1ukYUVPvKWKBRznAKo+@f9941","478VZimZVHl7IPmyBAPtQ3@f9941","54TknWPwVPqJqeCR+Y/Czo@f9941","95EkngnxZFbYuFpsqVTaFr@f9941","b86rdZP6pDAJrC8FY1EhaY@f9941","dciEXe/upAZor3ngFuuh00@f9941","20g1ukYUVPvKWKBRznAKo+@6c48a","42v0u7H4lGabKT/+p0ZUDa@f9941","aei3GZ6sFHfIW8A+YCvFNo@f9941","1db9pg7zBE2Lb0A4sOgGfh@f9941","09WZGHtvxJhaw0TNwTekRd@f9941","1cKAQQeqtOrpFSat69zXWj@f9941","9fg7yU2fxDnYsZAIW5CjMV@f9941","a1sEMMjoVAEZ79Ak8/Aj3D@f9941","7bUAMuVVFPFoPn0yI68EFw@f9941","1drCTVlnpPOpAKNJ+470h2@f9941","85J6U/OFdE/Iwx7MmBj7c7","d0vC0kS91Cg5jdYg9Lv9xu","b0MKTwHbZJ1rNlGZ+xKZ76@f9941","9f7NMx9n9NiKcUvvazihHT@f9941","6aWWMM7qZDMJ8E5UEHnAJz","54TknWPwVPqJqeCR+Y/Czo@6c48a","95EkngnxZFbYuFpsqVTaFr@6c48a"],["node","_spriteFrame","coinEffect","_parent","_skeletonData","_target","_normalSprite","_textureSource","_cameraComponent","gameScene","target","_hoverSprite","_pressedSprite","_disabledSprite","clock","background","highScore","scene","timmerBar","effectBom","_font"],[["cc.Node",["_name","_layer","_objFlags","_active","_id","_components","_parent","_lpos","_children","_lscale","_lrot","_euler"],-2,9,1,5,2,5,5,5],["e02994VSf1DQ6TdwyA3qBmX",["obstacleType","delayActionTime","startTime","isRevert","node"],-1,1],["cc.Sprite",["_sizeMode","_type","node","_spriteFrame","_color"],1,1,6,5],["cc.Widget",["_alignFlags","_isAbsTop","_top","_isAbsRight","_horizontalCenter","_isAbsLeft","_right","_isAbsHorizontalCenter","_bottom","_isAbsBottom","_originalWidth","_originalHeight","_left","node"],-10,1],["cc.Node",["_name","_objFlags","_layer","_id","_components","_lpos","_parent","_children"],-1,12,5,1,2],["cc.BoxCollider2D",["tag","_enabled","_friction","node","_size","_offset"],0,1,5,5],["cc.Button",["_transition","node","_target","_normalSprite","clickEvents","_hoverColor","_pressedColor","_normalColor","_disabledColor","_hoverSprite","_pressedSprite","_disabledSprite"],2,1,1,6,9,5,5,5,5,6,6,6],"cc.SpriteFrame",["cc.UITransform",["node","_contentSize","_anchorPoint"],3,1,5,5],["sp.Skeleton",["_preCacheMode","_premultipliedAlpha","defaultSkin","defaultAnimation","_timeScale","node","_skeletonData"],-2,1,6],["cc.CircleCollider2D",["_radius","tag","node"],1,1],["71dd28n6uxILL8n6Ez0a4R6",["itemType","node"],2,1],["cc.Label",["_string","_actualFontSize","_fontSize","_isSystemFontUsed","node"],-1,1],["cc.Camera",["_projection","_priority","_orthoHeight","_near","_far","_visibility","_clearFlags","node","_color"],-4,1,5],["cc.SceneAsset",["_name"],2],["cc.Node",["_name","_objFlags","_parent","_components","_lpos"],1,1,2,5],["cc.Canvas",["node","_cameraComponent"],3,1,1],["97817a0OdBKFLsC2HAh/dTB",["node","background","gameScene","clock","effectBom"],3,1,1,1,1,6],["cc.UIOpacity",["node"],3,1],["800b74rRblBkbE/njvMk2HC",["node"],3,1],["4eec7jNJeNCWZ9RxmIufOT4",["node","highScore"],3,1,1],["cc.ClickEvent",["_componentId","handler","target"],1,1],["c9e20DuvodIfZJuMYkS1V3t",["node","gameScene"],3,1,1],["751bdEotexPOJ+MVnGSwBVf",["node","canvas","player","coinEffect"],3,1,1,1,6],["cc.PolygonCollider2D",["tag","node","_points"],2,1,12],["cc.Scene",["_name","_children","_prefab","_globals"],2,2,4,4],["cc.PrefabInfo",["fileId"],2],["cc.SceneGlobals",["ambient","shadows","_skybox","fog","octree"],3,4,4,4,4,4],["cc.AmbientInfo",["_skyColorHDR","_groundAlbedoHDR"],3,5,5],["cc.ShadowsInfo",["_shadowColor","_size"],3,5,5],["cc.SkyboxInfo",[],3],["cc.FogInfo",[],3],["cc.OctreeInfo",[],3],["d6b0avLxoVC8ZiNP5rEus3v",["maxX","node","target"],2,1,1],["6027b7vN4BHybzIc7ktrKZf",["node","musicIconOn","musicIconOff","pauseLayer","gameOverLayer","touchPanel","player","background","canvas","levels"],3,1,1,1,1,1,1,1,1,1,2],["cc.ProgressBar",["_totalLength","_progress","node","_barSprite"],1,1,1]],[[8,0,1,1],[5,0,3,4,2],[2,0,2,3,2],[2,2,3,1],[0,0,2,1,6,5,7,4],[23,0,1,2,3,1],[5,0,3,5,4,2],[0,0,1,6,5,7,3],[0,0,2,1,6,5,7,9,4],[1,0,4,2],[1,4,1],[10,1,0,2,3],[0,0,1,6,5,7,9,3],[11,0,1,2],[0,0,2,1,6,5,7,10,9,11,4],[24,0,1,2,2],[9,4,0,1,2,3,5,6,6],[1,0,1,2,4,4],[1,0,3,1,2,4,5],[1,0,1,4,3],[1,0,3,1,4,4],[8,0,1],[0,0,2,1,8,5,7,4],[0,0,1,6,5,7,10,9,11,3],[1,0,3,4,3],[8,0,1,2,1],[2,1,0,2,3,3],[0,0,2,1,6,5,4],[21,0,1,2,3],[11,1,1],[3,0,6,2,4,3,1,7,13,8],[2,1,0,2,4,3,3],[0,0,2,1,6,8,5,7,4],[0,0,2,1,6,8,5,4],[3,0,5,3,1,9,10,11,13,8],[18,0,1],[2,0,2,4,3,2],[6,0,1,4,5,6,8,2,3,2],[1,0,2,4,3],[1,0,3,2,4,4],[0,0,1,6,8,5,7,3],[0,0,1,8,5,7,3],[0,0,2,1,8,5,4],[0,0,2,3,1,8,5,5],[0,0,2,3,1,6,8,5,5],[4,0,1,2,6,4,5,4],[16,0,1,1],[3,0,2,8,13,4],[3,0,12,2,4,5,1,13,7],[6,0,1,4,7,2,3,2],[6,1,7,2,3,9,10,11,1],[12,0,1,2,4,4],[14,0,2],[0,0,1,4,8,5,7,4],[0,0,1,8,5,3],[0,0,1,6,8,5,3],[0,0,2,1,4,8,5,7,5],[0,0,3,1,6,8,5,4],[0,0,1,6,5,7,10,11,3],[0,0,2,3,1,6,5,7,5],[0,0,1,6,5,3],[4,0,1,2,3,4,5,5],[4,0,1,2,6,7,4,5,4],[4,0,6,4,5,2],[15,0,1,2,3,4,3],[3,0,6,4,3,1,7,13,7],[9,0,1,2,3,5,6,5],[17,0,1,2,3,4,1],[5,3,4,1],[5,1,0,2,3,4,4],[19,0,1],[20,0,1,1],[2,1,0,2,3],[6,0,1,4,5,6,2,3,2],[10,0,2,2],[22,0,1,1],[25,0,1,2,3,2],[26,0,2],[27,0,1,2,3,4,1],[28,0,1,1],[29,0,1,1],[30,1],[31,1],[32,1],[33,0,1,2,2],[34,0,1,2,3,4,5,6,7,8,9,1],[12,0,1,2,3,4,5],[13,0,1,2,3,4,5,7,8,7],[13,0,1,2,3,4,6,5,7,8,8],[35,0,1,2,3,3]],[[[{"name":"default_btn_normal","rect":{"x":0,"y":0,"width":40,"height":40},"offset":{"x":0,"y":0},"originalSize":{"width":40,"height":40},"rotated":false,"capInsets":[12,12,12,12],"vertices":{"rawPosition":[-20,-20,0,20,-20,0,-20,20,0,20,20,0],"indexes":[0,1,2,2,1,3],"uv":[0,40,40,40,0,0,40,0],"nuv":[0,0,1,0,0,1,1,1],"minPos":{"x":-20,"y":-20,"z":0},"maxPos":{"x":20,"y":20,"z":0}},"packable":true,"pixelsToUnit":100,"pivot":{"x":0.5,"y":0.5},"meshType":0}],[7],0,[0],[7],[17]],[[[52,"GameScene"],[53,"GameCanvas",33554432,"beI88Z2HpFELqR4T5EMHpg",[-5,-6,-7,-8],[[0,-1,[5,1024,768]],[46,-3,-2],[47,45,5.684341886080802e-14,5.684341886080802e-14,-4]],[1,512,384.00000000000006,0]],[40,"Player",1,1,[-16,-17,-18],[[0,-9,[5,248.86,95.55]],[66,0,false,"default","animation",-10,315],[67,-14,-13,-12,-11,316],[68,-15,[5,155,100]]],[1,-155.963,-194.13,0]],[22,"Obstacle",512,1,[-20,-21,-22,-23,-24,-25,-26,-27,-28,-29,-30,-31,-32,-33,-34,-35,-36,-37,-38,-39,-40,-41,-42,-43,-44,-45,-46,-47,-48,-49,-50,-51,-52,-53,-54,-55,-56,-57,-58,-59,-60,-61,-62,-63,-64,-65,-66,-67,-68,-69,-70,-71,-72,-73,-74,-75,-76,-77,-78,-79],[[25,-19,[5,10000,768],[0,0,0.5]]],[1,-871.557,0,0]],[41,"Obstacle",1,[-81,-82,-83,-84,-85,-86,-87,-88,-89,-90,-91,-92,-93,-94,-95,-96,-97,-98,-99,-100,-101,-102,-103,-104,-105,-106,-107,-108,-109,-110,-111,-112,-113,-114,-115,-116,-117,-118,-119,-120,-121,-122,-123,-124,-125,-126],[[25,-80,[5,10000,768],[0,0,0.5]]],[1,-871.557,0,0]],[22,"Obstacle",512,1,[-128,-129,-130,-131,-132,-133,-134,-135,-136,-137,-138,-139,-140,-141,-142,-143,-144,-145,-146,-147,-148,-149,-150,-151,-152,-153,-154,-155],[[25,-127,[5,10000,768],[0,0,0.5]]],[1,-871.557,0,0]],[22,"BeechNuts",512,1,[-157,-158,-159,-160,-161,-162,-163,-164,-165,-166,-167,-168,-169,-170,-171,-172,-173,-174,-175,-176,-177],[[21,-156]],[1,-871.557,0,0]],[41,"BeechNuts",1,[-179,-180,-181,-182,-183,-184,-185,-186,-187,-188,-189,-190,-191,-192,-193,-194,-195,-196,-197],[[21,-178]],[1,-871.557,0,0]],[22,"BeechNuts",512,1,[-199,-200,-201,-202,-203,-204,-205,-206,-207,-208,-209,-210,-211,-212,-213,-214,-215],[[21,-198]],[1,-871.557,0,0]],[54,"Items",1,[-217,-218,-219,-220,-221,-222,-223,-224,-225,-226],[[21,-216]]],[42,"Items",512,1,[-228,-229,-230,-231,-232,-233,-234,-235,-236],[[21,-227]]],[22,"Items",512,1,[-238,-239,-240,-241,-242,-243,-244,-245,-246],[[21,-237]],[1,-129.952,0,0]],[43,"PauseLayer",512,false,33554432,[-251,-252],[[0,-247,[5,1024,768]],[34,45,false,false,false,false,99.994,100,-248],[35,-249],[70,-250]]],[43,"GameOverLayer",512,false,33554432,[-258,-259],[[0,-253,[5,1024,768]],[34,45,false,false,false,false,99.994,100,-254],[35,-255],[71,-257,-256]]],[42,"UIPanel",512,33554432,[-263,-264,-265,12,13],[[0,-260,[5,1024,768]],[34,45,false,false,false,false,99.994,100,-261],[35,-262]]],[22,"MusicButton",512,33554432,[-272,-273],[[25,-266,[5,91,93],[0,1,1]],[26,1,0,-267,32],[73,1,-270,[[28,"6027b7vN4BHybzIc7ktrKZf","onBtnMusicClicked",-269]],[4,4294967295],[4,4290822336],-268,33],[65,33,1.2987142857142857,0.8333333333333334,false,false,false,-271]],[1,-118.18299999999999,0,0]],[32,"PauseButton",512,33554432,14,[-280,15],[[25,-274,[5,91,93],[0,1,1]],[26,1,0,-275,29],[37,1,-278,[[28,"6027b7vN4BHybzIc7ktrKZf","onBtnPauseClick",-277]],[4,4294967295],[4,4290822336],[4,4285822068],-276,30],[30,33,0.02,0.02,0.8333333333333334,false,false,false,-279]],[1,491.52,368.64,0]],[55,"Map",1,1,[-282,-283,-284,-285],[[0,-281,[5,1750,768]]]],[22,"HomeButton",512,33554432,[-291],[[0,-286,[5,91,93]],[26,1,0,-287,10],[37,3,-289,[[28,"800b74rRblBkbE/njvMk2HC","onBtnHomeClick",12]],[4,4294967295],[4,4290822336],[4,4285822068],-288,11],[30,33,0.16973684210526316,0.5,0.8333333333333334,false,false,false,-290]],[1,80,-46.5,0]],[22,"PlayButton",512,33554432,[-297],[[0,-292,[5,91,93]],[31,1,0,-293,[4,4292269782],13],[49,3,-295,[[28,"800b74rRblBkbE/njvMk2HC","onBtnPlayClick",12]],[4,4292269782],-294,14],[30,33,0.5907894736842105,0.5,0.8333333333333334,false,false,false,-296]],[1,-80,-46.5,0]],[22,"HomeButton",512,33554432,[-303],[[0,-298,[5,91,93]],[26,1,0,-299,22],[37,3,-301,[[28,"4eec7jNJeNCWZ9RxmIufOT4","onBtnHomeClick",13]],[4,4294967295],[4,4290822336],[4,4285822068],-300,23],[30,33,0.16973684210526316,0.4143288201160541,0.8333333333333334,false,false,false,-302]],[1,80,-2.20799999999997,0]],[22,"ReplayButton",512,33554432,[-309],[[0,-304,[5,91,93]],[31,1,0,-305,[4,4292269782],25],[49,3,-307,[[28,"4eec7jNJeNCWZ9RxmIufOT4","onBtnReplayClick",13]],[4,4292269782],-306,26],[30,33,0.5907894736842105,0.4143288201160541,0.8333333333333334,false,false,false,-308]],[1,-80,-2.20799999999997,0]],[4,"Stone-002",512,1,5,[[0,-310,[5,153,153]],[2,0,-311,86],[1,111,-312,[5,153,153]],[9,5,-313],[6,11111,-314,[0,-2,0.6],[5,43.2,42.1]],[6,1111,-315,[0,-0.6,0],[5,114.2,112.7]]],[1,872.774,57.118,0]],[4,"Stone-004",512,1,5,[[0,-316,[5,153,153]],[2,0,-317,94],[1,111,-318,[5,153,153]],[9,5,-319],[6,11111,-320,[0,-2,0.6],[5,43.2,42.1]],[6,1111,-321,[0,-0.6,0],[5,114.2,112.7]]],[1,7035.553,-45.23,0]],[4,"Stone-005",512,1,5,[[0,-322,[5,153,153]],[2,0,-323,97],[1,111,-324,[5,153,153]],[9,5,-325],[6,11111,-326,[0,-2,0.6],[5,43.2,42.1]],[6,1111,-327,[0,-0.6,0],[5,114.2,112.7]]],[1,7485.592,-270.136,0]],[4,"Stone-006",512,1,5,[[0,-328,[5,153,153]],[2,0,-329,98],[1,111,-330,[5,153,153]],[9,5,-331],[6,11111,-332,[0,-2,0.6],[5,43.2,42.1]],[6,1111,-333,[0,-0.6,0],[5,114.2,112.7]]],[1,7485.592,261.074,0]],[4,"Stone-007",512,1,5,[[0,-334,[5,153,153]],[2,0,-335,103],[1,111,-336,[5,153,153]],[9,5,-337],[6,11111,-338,[0,-2,0.6],[5,43.2,42.1]],[6,1111,-339,[0,-0.6,0],[5,114.2,112.7]]],[1,11120.14,-227.688,0]],[4,"Stone-008",512,1,5,[[0,-340,[5,153,153]],[2,0,-341,104],[1,111,-342,[5,153,153]],[9,5,-343],[6,11111,-344,[0,-2,0.6],[5,43.2,42.1]],[6,1111,-345,[0,-0.6,0],[5,114.2,112.7]]],[1,11682.413,175.786,0]],[7,"Stone-001",1,4,[[0,-346,[5,153,153]],[2,0,-347,168],[1,111,-348,[5,153,153]],[9,5,-349],[6,11111,-350,[0,-2,0.6],[5,43.2,42.1]],[6,1111,-351,[0,-0.6,0],[5,114.2,112.7]]],[1,4013.7,27.733,0]],[7,"Stone-002",1,4,[[0,-352,[5,153,153]],[2,0,-353,169],[1,111,-354,[5,153,153]],[9,5,-355],[6,11111,-356,[0,-2,0.6],[5,43.2,42.1]],[6,1111,-357,[0,-0.6,0],[5,114.2,112.7]]],[1,4460.802,-200.319,0]],[7,"Stone-003",1,4,[[0,-358,[5,153,153]],[2,0,-359,170],[1,111,-360,[5,153,153]],[9,5,-361],[6,11111,-362,[0,-2,0.6],[5,43.2,42.1]],[6,1111,-363,[0,-0.6,0],[5,114.2,112.7]]],[1,4847.889,78.744,0]],[7,"Stone-004",1,4,[[0,-364,[5,153,153]],[2,0,-365,173],[1,111,-366,[5,153,153]],[9,5,-367],[6,11111,-368,[0,-2,0.6],[5,43.2,42.1]],[6,1111,-369,[0,-0.6,0],[5,114.2,112.7]]],[1,6142.389,234.514,0]],[7,"Stone-005",1,4,[[0,-370,[5,153,153]],[2,0,-371,178],[1,111,-372,[5,153,153]],[9,5,-373],[6,11111,-374,[0,-2,0.6],[5,43.2,42.1]],[6,1111,-375,[0,-0.6,0],[5,114.2,112.7]]],[1,7485.592,-270.136,0]],[7,"Stone-006",1,4,[[0,-376,[5,153,153]],[2,0,-377,179],[1,111,-378,[5,153,153]],[9,5,-379],[6,11111,-380,[0,-2,0.6],[5,43.2,42.1]],[6,1111,-381,[0,-0.6,0],[5,114.2,112.7]]],[1,7485.592,261.074,0]],[7,"Stone-007",1,4,[[0,-382,[5,153,153]],[2,0,-383,190],[1,111,-384,[5,153,153]],[9,5,-385],[6,11111,-386,[0,-2,0.6],[5,43.2,42.1]],[6,1111,-387,[0,-0.6,0],[5,114.2,112.7]]],[1,11276.417,-269.548,0]],[7,"Stone-008",1,4,[[0,-388,[5,153,153]],[2,0,-389,191],[1,111,-390,[5,153,153]],[9,5,-391],[6,11111,-392,[0,-2,0.6],[5,43.2,42.1]],[6,1111,-393,[0,-0.6,0],[5,114.2,112.7]]],[1,11682.413,175.786,0]],[7,"Stone-009",1,4,[[0,-394,[5,153,153]],[2,0,-395,192],[1,111,-396,[5,153,153]],[9,5,-397],[6,11111,-398,[0,-2,0.6],[5,43.2,42.1]],[6,1111,-399,[0,-0.6,0],[5,114.2,112.7]]],[1,13000.024,-22.14,0]],[4,"Stone-001",512,1,3,[[0,-400,[5,153,153]],[2,0,-401,255],[1,111,-402,[5,153,153]],[9,5,-403],[6,11111,-404,[0,-2,0.6],[5,43.2,42.1]],[6,1111,-405,[0,-0.6,0],[5,114.2,112.7]]],[1,1195.84,27.733,0]],[4,"Stone-002",512,1,3,[[0,-406,[5,153,153]],[2,0,-407,256],[1,111,-408,[5,153,153]],[9,5,-409],[6,11111,-410,[0,-2,0.6],[5,43.2,42.1]],[6,1111,-411,[0,-0.6,0],[5,114.2,112.7]]],[1,4460.802,-200.319,0]],[4,"Stone-003",512,1,3,[[0,-412,[5,153,153]],[2,0,-413,257],[1,111,-414,[5,153,153]],[9,5,-415],[6,11111,-416,[0,-2,0.6],[5,43.2,42.1]],[6,1111,-417,[0,-0.6,0],[5,114.2,112.7]]],[1,4835.731,78.744,0]],[4,"Stone-004",512,1,3,[[0,-418,[5,153,153]],[2,0,-419,260],[1,111,-420,[5,153,153]],[9,5,-421],[6,11111,-422,[0,-2,0.6],[5,43.2,42.1]],[6,1111,-423,[0,-0.6,0],[5,114.2,112.7]]],[1,6142.389,234.514,0]],[4,"Stone-005",512,1,3,[[0,-424,[5,153,153]],[2,0,-425,265],[1,111,-426,[5,153,153]],[9,5,-427],[6,11111,-428,[0,-2,0.6],[5,43.2,42.1]],[6,1111,-429,[0,-0.6,0],[5,114.2,112.7]]],[1,7485.592,-270.136,0]],[4,"Stone-006",512,1,3,[[0,-430,[5,153,153]],[2,0,-431,266],[1,111,-432,[5,153,153]],[9,5,-433],[6,11111,-434,[0,-2,0.6],[5,43.2,42.1]],[6,1111,-435,[0,-0.6,0],[5,114.2,112.7]]],[1,7485.592,261.074,0]],[4,"Stone-007",512,1,3,[[0,-436,[5,153,153]],[2,0,-437,277],[1,111,-438,[5,153,153]],[9,5,-439],[6,11111,-440,[0,-2,0.6],[5,43.2,42.1]],[6,1111,-441,[0,-0.6,0],[5,114.2,112.7]]],[1,11276.417,-269.548,0]],[4,"Stone-008",512,1,3,[[0,-442,[5,153,153]],[2,0,-443,278],[1,111,-444,[5,153,153]],[9,5,-445],[6,11111,-446,[0,-2,0.6],[5,43.2,42.1]],[6,1111,-447,[0,-0.6,0],[5,114.2,112.7]]],[1,11682.413,175.786,0]],[4,"Stone-009",512,1,3,[[0,-448,[5,153,153]],[2,0,-449,279],[1,111,-450,[5,153,153]],[9,5,-451],[6,11111,-452,[0,-2,0.6],[5,43.2,42.1]],[6,1111,-453,[0,-0.6,0],[5,114.2,112.7]]],[1,13000.024,-22.14,0]],[56,"UICanvas",512,33554432,"a1aG6f/whC4YVduV1ApZt5",[-458,14],[[0,-454,[5,1024,768]],[46,-456,-455],[47,45,5.684341886080802e-14,5.684341886080802e-14,-457]],[1,512,384.00000000000006,0]],[33,"Popup",512,33554432,13,[20,21,-460,-461],[[0,-459,[5,380,517]]]],[44,"Level01",512,false,1,17,[6,10,5],[[21,-462]]],[57,"Level02",false,1,17,[7,9,4],[[21,-463]]],[44,"Level03",512,false,1,17,[8,11,3],[[21,-464]]],[58,"magnet",1,2,[[0,-465,[5,52,55]],[3,-466,0],[74,466.9,-467],[75,-469,-468]],[1,79.386,-0.41,0],[3,0,0,0.8631004131599254,0.5050323522341574],[1,0,0,119.333]],[61,"MainScript",512,33554432,"0f5wstNKlLh4Irj6cvpiER",[[[21,-470],-471],4,1],[1,512,384.00000000000006,0]],[32,"TimmerBar",512,33554432,14,[-474,-475],[[25,-472,[5,42,42],[0,0,1]],[48,9,0.03,0.03,112.544,false,false,-473]],[1,-481.28,360.96,0]],[62,"ProgressBar",512,33554432,53,[-479],[[[0,-476,[5,314,43]],[26,1,0,-477,1],-478],4,4,1],[1,177.176,-25.295,0]],[27,"LockLayer",512,33554432,12,[[0,-480,[5,1800,900]],[31,1,0,-481,[4,2852126720],4],[50,-483,[4,4292269782],-482,5,6,7,8]]],[33,"Popup",512,33554432,12,[18,19,-485],[[0,-484,[5,380,517]]]],[27,"LockLayer",512,33554432,13,[[0,-486,[5,1800,900]],[31,1,0,-487,[4,2852126720],16],[50,-489,[4,4292269782],-488,17,18,19,20]]],[8,"Beechnut",512,1,6,[[0,-490,[5,42,42]],[3,-491,35],[5,-492,1,2,36],[1,999,-493,[5,42,42]]],[1,1249.379,129.85,0],[1,1.2,1.2,1]],[8,"Beechnut",512,1,6,[[0,-494,[5,42,42]],[3,-495,37],[5,-496,1,2,38],[1,999,-497,[5,42,42]]],[1,1821.491,-141.179,0],[1,1.2,1.2,1]],[8,"Beechnut",512,1,6,[[0,-498,[5,42,42]],[3,-499,39],[5,-500,1,2,40],[1,999,-501,[5,42,42]]],[1,2256.364,209.525,0],[1,1.2,1.2,1]],[8,"Beechnut-001",512,1,6,[[0,-502,[5,42,42]],[3,-503,41],[5,-504,1,2,42],[1,999,-505,[5,42,42]]],[1,2829.494,-171.561,0],[1,1.2,1.2,1]],[8,"Beechnut-002",512,1,6,[[0,-506,[5,42,42]],[3,-507,43],[5,-508,1,2,44],[1,999,-509,[5,42,42]]],[1,3363.615,230.531,0],[1,1.2,1.2,1]],[8,"Beechnut-003",512,1,6,[[0,-510,[5,42,42]],[3,-511,45],[5,-512,1,2,46],[1,999,-513,[5,42,42]]],[1,3939.746,-258.58,0],[1,1.2,1.2,1]],[8,"Beechnut-004",512,1,6,[[0,-514,[5,42,42]],[3,-515,47],[5,-516,1,2,48],[1,999,-517,[5,42,42]]],[1,4401.851,208.422,0],[1,1.2,1.2,1]],[8,"Beechnut-005",512,1,6,[[0,-518,[5,42,42]],[3,-519,49],[5,-520,1,2,50],[1,999,-521,[5,42,42]]],[1,5043.752,-213.119,0],[1,1.2,1.2,1]],[8,"Beechnut-006",512,1,6,[[0,-522,[5,42,42]],[3,-523,51],[5,-524,1,2,52],[1,999,-525,[5,42,42]]],[1,5638.913,210.214,0],[1,1.2,1.2,1]],[8,"Beechnut-007",512,1,6,[[0,-526,[5,42,42]],[3,-527,53],[5,-528,1,2,54],[1,999,-529,[5,42,42]]],[1,6151.413,-264.786,0],[1,1.2,1.2,1]],[8,"Beechnut-008",512,1,6,[[0,-530,[5,42,42]],[3,-531,55],[5,-532,1,2,56],[1,999,-533,[5,42,42]]],[1,6770.163,-14.786,0],[1,1.2,1.2,1]],[8,"Beechnut-009",512,1,6,[[0,-534,[5,42,42]],[3,-535,57],[5,-536,1,2,58],[1,999,-537,[5,42,42]]],[1,7463.913,-14.786,0],[1,1.2,1.2,1]],[8,"Beechnut-010",512,1,6,[[0,-538,[5,42,42]],[3,-539,59],[5,-540,1,2,60],[1,999,-541,[5,42,42]]],[1,8213.207,96.034,0],[1,1.2,1.2,1]],[8,"Beechnut-011",512,1,6,[[0,-542,[5,42,42]],[3,-543,61],[5,-544,1,2,62],[1,999,-545,[5,42,42]]],[1,9452.108,-14.786,0],[1,1.2,1.2,1]],[8,"Beechnut-012",512,1,6,[[0,-546,[5,42,42]],[3,-547,63],[5,-548,1,2,64],[1,999,-549,[5,42,42]]],[1,10078.006,-256.575,0],[1,1.2,1.2,1]],[8,"Beechnut-013",512,1,6,[[0,-550,[5,42,42]],[3,-551,65],[5,-552,1,2,66],[1,999,-553,[5,42,42]]],[1,10759.775,264.491,0],[1,1.2,1.2,1]],[8,"Beechnut-014",512,1,6,[[0,-554,[5,42,42]],[3,-555,67],[5,-556,1,2,68],[1,999,-557,[5,42,42]]],[1,11723.991,-85.383,0],[1,1.2,1.2,1]],[8,"Beechnut-015",512,1,6,[[0,-558,[5,42,42]],[3,-559,69],[5,-560,1,2,70],[1,999,-561,[5,42,42]]],[1,12292.743,13.669,0],[1,1.2,1.2,1]],[8,"Beechnut-016",512,1,6,[[0,-562,[5,42,42]],[3,-563,71],[5,-564,1,2,72],[1,999,-565,[5,42,42]]],[1,13779.737,13.669,0],[1,1.2,1.2,1]],[8,"Beechnut-017",512,1,6,[[0,-566,[5,42,42]],[3,-567,73],[5,-568,1,2,74],[1,999,-569,[5,42,42]]],[1,13087.315,13.669,0],[1,1.2,1.2,1]],[8,"Beechnut-018",512,1,6,[[0,-570,[5,42,42]],[3,-571,75],[5,-572,1,2,76],[1,999,-573,[5,42,42]]],[1,8751.754,96.034,0],[1,1.2,1.2,1]],[4,"fast",512,1,10,[[0,-574,[5,31,49]],[3,-575,77],[1,888,-576,[5,31,49]],[29,-577]],[1,7583.777,-256.698,0]],[4,"fast-001",512,1,10,[[0,-578,[5,31,49]],[3,-579,78],[1,888,-580,[5,31,49]],[29,-581]],[1,2643.334,206.97,0]],[4,"stop_time",512,1,10,[[0,-582,[5,50,53]],[3,-583,79],[13,2,-584],[11,889,26.5,-585]],[1,4687.125,-23.691,0]],[4,"stop_time-001",512,1,10,[[0,-586,[5,50,53]],[3,-587,80],[13,2,-588],[11,889,26.5,-589]],[1,1643.469,264.411,0]],[4,"magnet",512,1,10,[[0,-590,[5,52,55]],[3,-591,81],[13,3,-592],[1,899,-593,[5,52,55]]],[1,6218.887,-249.721,0]],[4,"slow",512,1,10,[[0,-594,[5,31,49]],[3,-595,82],[1,887,-596,[5,31,49]],[13,4,-597]],[1,4146.587,222.082,0]],[4,"stop_time-002",512,1,10,[[0,-598,[5,50,53]],[3,-599,83],[13,2,-600],[11,889,26.5,-601]],[1,8933.663,186.101,0]],[4,"slow-001",512,1,10,[[0,-602,[5,31,49]],[3,-603,84],[1,887,-604,[5,31,49]],[13,4,-605]],[1,7776.933,222.082,0]],[4,"slow-002",512,1,10,[[0,-606,[5,31,49]],[3,-607,85],[1,887,-608,[5,31,49]],[13,4,-609]],[1,8631.633,-256.403,0]],[4,"Bar2",512,1,5,[[0,-610,[5,67,600]],[2,0,-611,87],[1,111,-612,[5,67,600]],[10,-613]],[1,1582.493,-210.293,0]],[4,"Bar3",512,1,5,[[0,-614,[5,67,600]],[2,0,-615,88],[1,111,-616,[5,67,600]],[10,-617]],[1,2517.512,-210.293,0]],[4,"Bar4",512,1,5,[[0,-618,[5,67,600]],[2,0,-619,89],[1,111,-620,[5,67,600]],[10,-621]],[1,2017.512,261.871,0]],[4,"Bar5",512,1,5,[[0,-622,[5,67,600]],[2,0,-623,90],[1,111,-624,[5,67,600]],[10,-625]],[1,3543.745,-210.293,0]],[4,"Bar6",512,1,5,[[0,-626,[5,67,600]],[2,0,-627,91],[1,111,-628,[5,67,600]],[10,-629]],[1,3043.745,261.871,0]],[4,"Bar7",512,1,5,[[0,-630,[5,67,600]],[2,0,-631,92],[1,111,-632,[5,67,600]],[10,-633]],[1,5794.349,-210.293,0]],[4,"Bar8",512,1,5,[[0,-634,[5,67,600]],[2,0,-635,93],[1,111,-636,[5,67,600]],[10,-637]],[1,5294.349,261.871,0]],[4,"arrow3",512,1,5,[[0,-638,[5,51,152]],[2,0,-639,95],[1,112,-640,[5,51,152]],[17,2,1.5,0.5,-641]],[1,6453.839,480.788,0]],[14,"arrow4",512,1,5,[[0,-642,[5,51,152]],[2,0,-643,96],[1,112,-644,[5,51,152]],[18,2,true,1.5,0.5,-645]],[1,6650.543,-519.212,0],[3,-6.123233995736766e-17,-6.123233995736766e-17,-1,3.749399456654644e-33],[1,-1,1,1],[1,-180,-180,0]],[4,"arrow7",512,1,5,[[0,-646,[5,51,152]],[2,0,-647,99],[1,112,-648,[5,51,152]],[19,2,1.5,-649]],[1,8279.377,480.788,0]],[14,"arrow8",512,1,5,[[0,-650,[5,51,152]],[2,0,-651,100],[1,112,-652,[5,51,152]],[20,2,true,1.5,-653]],[1,8476.081,-519.212,0],[3,-6.123233995736766e-17,-6.123233995736766e-17,-1,3.749399456654644e-33],[1,-1,1,1],[1,-180,-180,0]],[4,"Bar9",512,1,5,[[0,-654,[5,67,600]],[2,0,-655,101],[1,111,-656,[5,67,600]],[10,-657]],[1,10078.905,261.871,0]],[4,"Bar10",512,1,5,[[0,-658,[5,67,600]],[2,0,-659,102],[1,111,-660,[5,67,600]],[10,-661]],[1,10578.905,-210.293,0]],[4,"Boomerang-002",512,1,5,[[0,-662,[5,84,84]],[16,4,0,false,"default","animation",-663,105],[11,112,42,-664],[9,4,-665]],[1,12775.629,468.777,0]],[4,"Boomerang-003",512,1,5,[[0,-666,[5,84,84]],[16,4,0,false,"default","animation",-667,106],[11,112,42,-668],[24,4,true,-669]],[1,13555.235,463.253,0]],[14,"IceSharp3",512,1,5,[[0,-670,[5,74.65299999999999,250]],[2,0,-671,107],[24,3,true,-672],[15,112,-673,[[[0,-17.75726699029126,125],[0,-22.83077184466019,120],[0,-24.280344660194174,114],[0,-28.629063106796114,57],[0,-30.078635922330093,51],[0,-37.326499999999996,-29],[0,-36.601713592233004,-45],[0,-32.97778155339805,-49],[0,-27.904276699029126,-49],[0,-25.72991747572815,-46],[0,-24.280344660194174,-46],[0,-9.059830097087378,-5],[0,7.610257281553395,-119],[0,9.059830097087378,-123],[0,11.958975728155337,-125],[0,17.757266990291264,-125],[0,20.656412621359223,-123],[0,22.83077184466019,-115],[0,25.72991747572815,25],[0,32.97778155339806,24],[0,37.326499999999996,30],[0,37.326499999999996,42],[0,27.179490291262127,120],[0,22.1059854368932,125]],8,8,8,8,8,8,8,8,8,8,8,8,8,8,8,8,8,8,8,8,8,8,8,8]]],[1,9107.055,-192.751,0],[3,0,0,1,0],[1,-1.5,1.5,1],[1,-180,-180,0]],[8,"IceSharp4",512,1,5,[[0,-674,[5,74.65299999999999,250]],[2,0,-675,108],[9,3,-676],[15,112,-677,[[[0,-17.75726699029126,125],[0,-22.83077184466019,120],[0,-24.280344660194174,114],[0,-28.629063106796114,57],[0,-30.078635922330093,51],[0,-37.326499999999996,-29],[0,-36.601713592233004,-45],[0,-32.97778155339805,-49],[0,-27.904276699029126,-49],[0,-25.72991747572815,-46],[0,-24.280344660194174,-46],[0,-9.059830097087378,-5],[0,7.610257281553395,-119],[0,9.059830097087378,-123],[0,11.958975728155337,-125],[0,17.757266990291264,-125],[0,20.656412621359223,-123],[0,22.83077184466019,-115],[0,25.72991747572815,25],[0,32.97778155339806,24],[0,37.326499999999996,30],[0,37.326499999999996,42],[0,27.179490291262127,120],[0,22.1059854368932,125]],8,8,8,8,8,8,8,8,8,8,8,8,8,8,8,8,8,8,8,8,8,8,8,8]]],[1,9107.055,171.981,0],[1,1.5,1.5,1]],[32,"Bar11",512,1,5,[-681],[[0,-678,[5,67,768]],[36,0,-679,[4,1107296256],109],[1,188,-680,[5,67,768]]],[1,14191.349,-2.515,0]],[4,"Bar12",512,1,5,[[0,-682,[5,67,600]],[2,0,-683,110],[1,111,-684,[5,67,600]],[10,-685]],[1,4558.349,-210.293,0]],[4,"Bar13",512,1,5,[[0,-686,[5,67,600]],[2,0,-687,111],[1,111,-688,[5,67,600]],[10,-689]],[1,4058.349,261.871,0]],[4,"Bar14",512,1,5,[[0,-690,[5,67,600]],[2,0,-691,112],[1,111,-692,[5,67,600]],[10,-693]],[1,12013.277,-210.293,0]],[4,"Bar15",512,1,5,[[0,-694,[5,67,600]],[2,0,-695,113],[1,111,-696,[5,67,600]],[10,-697]],[1,11513.277,261.871,0]],[12,"Beechnut",1,7,[[0,-698,[5,42,42]],[3,-699,114],[5,-700,1,2,115],[1,999,-701,[5,42,42]]],[1,1351.548,225.891,0],[1,1.2,1.2,1]],[12,"Beechnut",1,7,[[0,-702,[5,42,42]],[3,-703,116],[5,-704,1,2,117],[1,999,-705,[5,42,42]]],[1,1821.491,-141.179,0],[1,1.2,1.2,1]],[12,"Beechnut",1,7,[[0,-706,[5,42,42]],[3,-707,118],[5,-708,1,2,119],[1,999,-709,[5,42,42]]],[1,2256.364,209.525,0],[1,1.2,1.2,1]],[12,"Beechnut-001",1,7,[[0,-710,[5,42,42]],[3,-711,120],[5,-712,1,2,121],[1,999,-713,[5,42,42]]],[1,2829.494,-171.561,0],[1,1.2,1.2,1]],[12,"Beechnut-002",1,7,[[0,-714,[5,42,42]],[3,-715,122],[5,-716,1,2,123],[1,999,-717,[5,42,42]]],[1,3363.615,230.531,0],[1,1.2,1.2,1]],[12,"Beechnut-003",1,7,[[0,-718,[5,42,42]],[3,-719,124],[5,-720,1,2,125],[1,999,-721,[5,42,42]]],[1,3939.746,-258.58,0],[1,1.2,1.2,1]],[12,"Beechnut-004",1,7,[[0,-722,[5,42,42]],[3,-723,126],[5,-724,1,2,127],[1,999,-725,[5,42,42]]],[1,4401.851,208.422,0],[1,1.2,1.2,1]],[12,"Beechnut-005",1,7,[[0,-726,[5,42,42]],[3,-727,128],[5,-728,1,2,129],[1,999,-729,[5,42,42]]],[1,5043.752,-213.119,0],[1,1.2,1.2,1]],[12,"Beechnut-006",1,7,[[0,-730,[5,42,42]],[3,-731,130],[5,-732,1,2,131],[1,999,-733,[5,42,42]]],[1,5638.913,210.214,0],[1,1.2,1.2,1]],[12,"Beechnut-007",1,7,[[0,-734,[5,42,42]],[3,-735,132],[5,-736,1,2,133],[1,999,-737,[5,42,42]]],[1,6151.413,-264.786,0],[1,1.2,1.2,1]],[12,"Beechnut-008",1,7,[[0,-738,[5,42,42]],[3,-739,134],[5,-740,1,2,135],[1,999,-741,[5,42,42]]],[1,6770.163,-14.786,0],[1,1.2,1.2,1]],[12,"Beechnut-009",1,7,[[0,-742,[5,42,42]],[3,-743,136],[5,-744,1,2,137],[1,999,-745,[5,42,42]]],[1,7463.913,-14.786,0],[1,1.2,1.2,1]],[12,"Beechnut-010",1,7,[[0,-746,[5,42,42]],[3,-747,138],[5,-748,1,2,139],[1,999,-749,[5,42,42]]],[1,8213.207,96.034,0],[1,1.2,1.2,1]],[12,"Beechnut-011",1,7,[[0,-750,[5,42,42]],[3,-751,140],[5,-752,1,2,141],[1,999,-753,[5,42,42]]],[1,9130.64,-14.786,0],[1,1.2,1.2,1]],[12,"Beechnut-012",1,7,[[0,-754,[5,42,42]],[3,-755,142],[5,-756,1,2,143],[1,999,-757,[5,42,42]]],[1,10078.006,-256.575,0],[1,1.2,1.2,1]],[12,"Beechnut-013",1,7,[[0,-758,[5,42,42]],[3,-759,144],[5,-760,1,2,145],[1,999,-761,[5,42,42]]],[1,10759.775,264.491,0],[1,1.2,1.2,1]],[12,"Beechnut-014",1,7,[[0,-762,[5,42,42]],[3,-763,146],[5,-764,1,2,147],[1,999,-765,[5,42,42]]],[1,11723.991,-85.383,0],[1,1.2,1.2,1]],[12,"Beechnut-015",1,7,[[0,-766,[5,42,42]],[3,-767,148],[5,-768,1,2,149],[1,999,-769,[5,42,42]]],[1,12683.964,13.669,0],[1,1.2,1.2,1]],[12,"Beechnut-016",1,7,[[0,-770,[5,42,42]],[3,-771,150],[5,-772,1,2,151],[1,999,-773,[5,42,42]]],[1,13512.78,13.669,0],[1,1.2,1.2,1]],[7,"fast",1,9,[[0,-774,[5,31,49]],[3,-775,152],[1,888,-776,[5,31,49]],[29,-777]],[1,7583.777,-256.698,0]],[7,"fast-001",1,9,[[0,-778,[5,31,49]],[3,-779,153],[1,888,-780,[5,31,49]],[29,-781]],[1,1175.152,-209.763,0]],[7,"stop_time",1,9,[[0,-782,[5,50,53]],[3,-783,154],[13,2,-784],[11,889,26.5,-785]],[1,4608.98,-147.803,0]],[7,"stop_time-001",1,9,[[0,-786,[5,50,53]],[3,-787,155],[13,2,-788],[11,889,26.5,-789]],[1,1643.469,264.411,0]],[7,"magnet",1,9,[[0,-790,[5,52,55]],[3,-791,156],[13,3,-792],[1,899,-793,[5,52,55]]],[1,5277.76,0,0]],[7,"slow",1,9,[[0,-794,[5,31,49]],[3,-795,157],[1,887,-796,[5,31,49]],[13,4,-797]],[1,3772.092,222.082,0]],[7,"stop_time-002",1,9,[[0,-798,[5,50,53]],[3,-799,158],[13,2,-800],[11,889,26.5,-801]],[1,8904.709,186.101,0]],[7,"slow-001",1,9,[[0,-802,[5,31,49]],[3,-803,159],[1,887,-804,[5,31,49]],[13,4,-805]],[1,7776.933,222.082,0]],[7,"stop_time-003",1,9,[[0,-806,[5,50,53]],[3,-807,160],[13,2,-808],[11,889,26.5,-809]],[1,10534.694,-115.552,0]],[7,"slow-002",1,9,[[0,-810,[5,31,49]],[3,-811,161],[1,887,-812,[5,31,49]],[13,4,-813]],[1,3791.836,-284.063,0]],[7,"Bar1",1,4,[[0,-814,[5,67,600]],[2,0,-815,162],[1,111,-816,[5,67,600]],[10,-817]],[1,1082.493,261.871,0]],[7,"Bar2",1,4,[[0,-818,[5,67,600]],[2,0,-819,163],[1,111,-820,[5,67,600]],[10,-821]],[1,1582.493,-210.293,0]],[7,"Bar3",1,4,[[0,-822,[5,67,600]],[2,0,-823,164],[1,111,-824,[5,67,600]],[10,-825]],[1,2517.512,-210.293,0]],[7,"Bar4",1,4,[[0,-826,[5,67,600]],[2,0,-827,165],[1,111,-828,[5,67,600]],[10,-829]],[1,2017.512,261.871,0]],[7,"Bar5",1,4,[[0,-830,[5,67,600]],[2,0,-831,166],[1,111,-832,[5,67,600]],[10,-833]],[1,3543.745,-210.293,0]],[7,"Bar6",1,4,[[0,-834,[5,67,600]],[2,0,-835,167],[1,111,-836,[5,67,600]],[10,-837]],[1,3043.745,261.871,0]],[7,"Bar7",1,4,[[0,-838,[5,67,600]],[2,0,-839,171],[1,111,-840,[5,67,600]],[10,-841]],[1,5794.349,-210.293,0]],[7,"Bar8",1,4,[[0,-842,[5,67,600]],[2,0,-843,172],[1,111,-844,[5,67,600]],[10,-845]],[1,5294.349,261.871,0]],[7,"arrow3",1,4,[[0,-846,[5,51,152]],[2,0,-847,174],[1,112,-848,[5,51,152]],[17,2,1.5,0.5,-849]],[1,6453.839,480.788,0]],[23,"arrow4",1,4,[[0,-850,[5,51,152]],[2,0,-851,175],[1,112,-852,[5,51,152]],[18,2,true,1.5,0.5,-853]],[1,6650.543,-519.212,0],[3,-6.123233995736766e-17,-6.123233995736766e-17,-1,3.749399456654644e-33],[1,-1,1,1],[1,-180,-180,0]],[23,"arrow5",1,4,[[0,-854,[5,51,152]],[2,0,-855,176],[1,112,-856,[5,51,152]],[20,2,true,1.5,-857]],[1,7208.314,-519.212,0],[3,-6.123233995736766e-17,-6.123233995736766e-17,-1,3.749399456654644e-33],[1,-1,1,1],[1,-180,-180,0]],[7,"arrow6",1,4,[[0,-858,[5,51,152]],[2,0,-859,177],[1,112,-860,[5,51,152]],[19,2,1.5,-861]],[1,7011.61,480.788,0]],[7,"arrow7",1,4,[[0,-862,[5,51,152]],[2,0,-863,180],[1,112,-864,[5,51,152]],[19,2,1.5,-865]],[1,8279.377,480.788,0]],[23,"arrow8",1,4,[[0,-866,[5,51,152]],[2,0,-867,181],[1,112,-868,[5,51,152]],[20,2,true,1.5,-869]],[1,8476.081,-519.212,0],[3,-6.123233995736766e-17,-6.123233995736766e-17,-1,3.749399456654644e-33],[1,-1,1,1],[1,-180,-180,0]],[23,"arrow9",1,4,[[0,-870,[5,51,152]],[2,0,-871,182],[1,112,-872,[5,51,152]],[18,2,true,1.5,0.5,-873]],[1,7918.31,-519.212,0],[3,-6.123233995736766e-17,-6.123233995736766e-17,-1,3.749399456654644e-33],[1,-1,1,1],[1,-180,-180,0]],[7,"arrow10",1,4,[[0,-874,[5,51,152]],[2,0,-875,183],[1,112,-876,[5,51,152]],[17,2,1.5,0.5,-877]],[1,7721.606,480.788,0]],[7,"arrow11",1,4,[[0,-878,[5,51,152]],[2,0,-879,184],[1,112,-880,[5,51,152]],[19,2,1.5,-881]],[1,9359.214,480.788,0]],[23,"arrow12",1,4,[[0,-882,[5,51,152]],[2,0,-883,185],[1,112,-884,[5,51,152]],[20,2,true,1.5,-885]],[1,9555.918,-519.212,0],[3,-6.123233995736766e-17,-6.123233995736766e-17,-1,3.749399456654644e-33],[1,-1,1,1],[1,-180,-180,0]],[23,"arrow13",1,4,[[0,-886,[5,51,152]],[2,0,-887,186],[1,112,-888,[5,51,152]],[18,2,true,1.5,0.5,-889]],[1,8878.719,-519.212,0],[3,-6.123233995736766e-17,-6.123233995736766e-17,-1,3.749399456654644e-33],[1,-1,1,1],[1,-180,-180,0]],[7,"arrow14",1,4,[[0,-890,[5,51,152]],[2,0,-891,187],[1,112,-892,[5,51,152]],[17,2,1.5,0.5,-893]],[1,8682.015,480.788,0]],[7,"Bar9",1,4,[[0,-894,[5,67,600]],[2,0,-895,188],[1,111,-896,[5,67,600]],[10,-897]],[1,10078.905,261.871,0]],[7,"Bar10",1,4,[[0,-898,[5,67,600]],[2,0,-899,189],[1,111,-900,[5,67,600]],[10,-901]],[1,10578.905,-210.293,0]],[7,"Boomerang-002",1,4,[[0,-902,[5,84,84]],[16,4,0,false,"default","animation",-903,193],[11,112,42,-904],[9,4,-905]],[1,12775.629,468.777,0]],[7,"Boomerang-003",1,4,[[0,-906,[5,84,84]],[16,4,0,false,"default","animation",-907,194],[11,112,42,-908],[24,4,true,-909]],[1,13555.235,463.253,0]],[23,"IceSharp3",1,4,[[0,-910,[5,74.65299999999999,250]],[2,0,-911,195],[24,3,true,-912],[15,112,-913,[[[0,-17.75726699029126,125],[0,-22.83077184466019,120],[0,-24.280344660194174,114],[0,-28.629063106796114,57],[0,-30.078635922330093,51],[0,-37.326499999999996,-29],[0,-36.601713592233004,-45],[0,-32.97778155339805,-49],[0,-27.904276699029126,-49],[0,-25.72991747572815,-46],[0,-24.280344660194174,-46],[0,-9.059830097087378,-5],[0,7.610257281553395,-119],[0,9.059830097087378,-123],[0,11.958975728155337,-125],[0,17.757266990291264,-125],[0,20.656412621359223,-123],[0,22.83077184466019,-115],[0,25.72991747572815,25],[0,32.97778155339806,24],[0,37.326499999999996,30],[0,37.326499999999996,42],[0,27.179490291262127,120],[0,22.1059854368932,125]],8,8,8,8,8,8,8,8,8,8,8,8,8,8,8,8,8,8,8,8,8,8,8,8]]],[1,9107.055,-192.751,0],[3,0,0,1,0],[1,-1.5,1.5,1],[1,-180,-180,0]],[12,"IceSharp4",1,4,[[0,-914,[5,74.65299999999999,250]],[2,0,-915,196],[9,3,-916],[15,112,-917,[[[0,-17.75726699029126,125],[0,-22.83077184466019,120],[0,-24.280344660194174,114],[0,-28.629063106796114,57],[0,-30.078635922330093,51],[0,-37.326499999999996,-29],[0,-36.601713592233004,-45],[0,-32.97778155339805,-49],[0,-27.904276699029126,-49],[0,-25.72991747572815,-46],[0,-24.280344660194174,-46],[0,-9.059830097087378,-5],[0,7.610257281553395,-119],[0,9.059830097087378,-123],[0,11.958975728155337,-125],[0,17.757266990291264,-125],[0,20.656412621359223,-123],[0,22.83077184466019,-115],[0,25.72991747572815,25],[0,32.97778155339806,24],[0,37.326499999999996,30],[0,37.326499999999996,42],[0,27.179490291262127,120],[0,22.1059854368932,125]],8,8,8,8,8,8,8,8,8,8,8,8,8,8,8,8,8,8,8,8,8,8,8,8]]],[1,9107.055,171.981,0],[1,1.5,1.5,1]],[7,"Boomerang-004",1,4,[[0,-918,[5,84,84]],[16,4,0,false,"default","animation",-919,197],[11,112,42,-920],[24,4,true,-921]],[1,11817.465,463.253,0]],[7,"Boomerang-005",1,4,[[0,-922,[5,84,84]],[16,4,0,false,"default","animation",-923,198],[11,112,42,-924],[9,4,-925]],[1,11037.859,468.777,0]],[7,"Boomerang-006",1,4,[[0,-926,[5,84,84]],[16,4,0,false,"default","animation",-927,199],[11,112,42,-928],[38,4,0.5,-929]],[1,11471.011,468.777,0]],[7,"Boomerang-007",1,4,[[0,-930,[5,84,84]],[16,4,0,false,"default","animation",-931,200],[11,112,42,-932],[39,4,true,0.5,-933]],[1,12250.617,463.253,0]],[12,"IceSharp5",1,4,[[0,-934,[5,74.65299999999999,250]],[2,0,-935,201],[9,3,-936],[15,112,-937,[[[0,-17.75726699029126,125],[0,-22.83077184466019,120],[0,-24.280344660194174,114],[0,-28.629063106796114,57],[0,-30.078635922330093,51],[0,-37.326499999999996,-29],[0,-36.601713592233004,-45],[0,-32.97778155339805,-49],[0,-27.904276699029126,-49],[0,-25.72991747572815,-46],[0,-24.280344660194174,-46],[0,-9.059830097087378,-5],[0,7.610257281553395,-119],[0,9.059830097087378,-123],[0,11.958975728155337,-125],[0,17.757266990291264,-125],[0,20.656412621359223,-123],[0,22.83077184466019,-115],[0,25.72991747572815,25],[0,32.97778155339806,24],[0,37.326499999999996,30],[0,37.326499999999996,42],[0,27.179490291262127,120],[0,22.1059854368932,125]],8,8,8,8,8,8,8,8,8,8,8,8,8,8,8,8,8,8,8,8,8,8,8,8]]],[1,12558.326,171.981,0],[1,1.5,1.5,1]],[23,"IceSharp6",1,4,[[0,-938,[5,74.65299999999999,250]],[2,0,-939,202],[24,3,true,-940],[15,112,-941,[[[0,-17.75726699029126,125],[0,-22.83077184466019,120],[0,-24.280344660194174,114],[0,-28.629063106796114,57],[0,-30.078635922330093,51],[0,-37.326499999999996,-29],[0,-36.601713592233004,-45],[0,-32.97778155339805,-49],[0,-27.904276699029126,-49],[0,-25.72991747572815,-46],[0,-24.280344660194174,-46],[0,-9.059830097087378,-5],[0,7.610257281553395,-119],[0,9.059830097087378,-123],[0,11.958975728155337,-125],[0,17.757266990291264,-125],[0,20.656412621359223,-123],[0,22.83077184466019,-115],[0,25.72991747572815,25],[0,32.97778155339806,24],[0,37.326499999999996,30],[0,37.326499999999996,42],[0,27.179490291262127,120],[0,22.1059854368932,125]],8,8,8,8,8,8,8,8,8,8,8,8,8,8,8,8,8,8,8,8,8,8,8,8]]],[1,12558.326,-192.751,0],[3,0,0,1,0],[1,-1.5,1.5,1],[1,-180,-180,0]],[23,"IceSharp7",1,4,[[0,-942,[5,74.65299999999999,250]],[2,0,-943,203],[24,3,true,-944],[15,112,-945,[[[0,-17.75726699029126,125],[0,-22.83077184466019,120],[0,-24.280344660194174,114],[0,-28.629063106796114,57],[0,-30.078635922330093,51],[0,-37.326499999999996,-29],[0,-36.601713592233004,-45],[0,-32.97778155339805,-49],[0,-27.904276699029126,-49],[0,-25.72991747572815,-46],[0,-24.280344660194174,-46],[0,-9.059830097087378,-5],[0,7.610257281553395,-119],[0,9.059830097087378,-123],[0,11.958975728155337,-125],[0,17.757266990291264,-125],[0,20.656412621359223,-123],[0,22.83077184466019,-115],[0,25.72991747572815,25],[0,32.97778155339806,24],[0,37.326499999999996,30],[0,37.326499999999996,42],[0,27.179490291262127,120],[0,22.1059854368932,125]],8,8,8,8,8,8,8,8,8,8,8,8,8,8,8,8,8,8,8,8,8,8,8,8]]],[1,13706.359,-192.751,0],[3,0,0,1,0],[1,-1.5,1.5,1],[1,-180,-180,0]],[12,"IceSharp8",1,4,[[0,-946,[5,74.65299999999999,250]],[2,0,-947,204],[9,3,-948],[15,112,-949,[[[0,-17.75726699029126,125],[0,-22.83077184466019,120],[0,-24.280344660194174,114],[0,-28.629063106796114,57],[0,-30.078635922330093,51],[0,-37.326499999999996,-29],[0,-36.601713592233004,-45],[0,-32.97778155339805,-49],[0,-27.904276699029126,-49],[0,-25.72991747572815,-46],[0,-24.280344660194174,-46],[0,-9.059830097087378,-5],[0,7.610257281553395,-119],[0,9.059830097087378,-123],[0,11.958975728155337,-125],[0,17.757266990291264,-125],[0,20.656412621359223,-123],[0,22.83077184466019,-115],[0,25.72991747572815,25],[0,32.97778155339806,24],[0,37.326499999999996,30],[0,37.326499999999996,42],[0,27.179490291262127,120],[0,22.1059854368932,125]],8,8,8,8,8,8,8,8,8,8,8,8,8,8,8,8,8,8,8,8,8,8,8,8]]],[1,13706.359,171.981,0],[1,1.5,1.5,1]],[12,"IceSharp9",1,4,[[0,-950,[5,74.65299999999999,250]],[2,0,-951,205],[38,3,0.5,-952],[15,112,-953,[[[0,-17.75726699029126,125],[0,-22.83077184466019,120],[0,-24.280344660194174,114],[0,-28.629063106796114,57],[0,-30.078635922330093,51],[0,-37.326499999999996,-29],[0,-36.601713592233004,-45],[0,-32.97778155339805,-49],[0,-27.904276699029126,-49],[0,-25.72991747572815,-46],[0,-24.280344660194174,-46],[0,-9.059830097087378,-5],[0,7.610257281553395,-119],[0,9.059830097087378,-123],[0,11.958975728155337,-125],[0,17.757266990291264,-125],[0,20.656412621359223,-123],[0,22.83077184466019,-115],[0,25.72991747572815,25],[0,32.97778155339806,24],[0,37.326499999999996,30],[0,37.326499999999996,42],[0,27.179490291262127,120],[0,22.1059854368932,125]],8,8,8,8,8,8,8,8,8,8,8,8,8,8,8,8,8,8,8,8,8,8,8,8]]],[1,13316.531,171.981,0],[1,1.5,1.5,1]],[23,"IceSharp10",1,4,[[0,-954,[5,74.65299999999999,250]],[2,0,-955,206],[39,3,true,0.5,-956],[15,112,-957,[[[0,-17.75726699029126,125],[0,-22.83077184466019,120],[0,-24.280344660194174,114],[0,-28.629063106796114,57],[0,-30.078635922330093,51],[0,-37.326499999999996,-29],[0,-36.601713592233004,-45],[0,-32.97778155339805,-49],[0,-27.904276699029126,-49],[0,-25.72991747572815,-46],[0,-24.280344660194174,-46],[0,-9.059830097087378,-5],[0,7.610257281553395,-119],[0,9.059830097087378,-123],[0,11.958975728155337,-125],[0,17.757266990291264,-125],[0,20.656412621359223,-123],[0,22.83077184466019,-115],[0,25.72991747572815,25],[0,32.97778155339806,24],[0,37.326499999999996,30],[0,37.326499999999996,42],[0,27.179490291262127,120],[0,22.1059854368932,125]],8,8,8,8,8,8,8,8,8,8,8,8,8,8,8,8,8,8,8,8,8,8,8,8]]],[1,13316.531,-192.751,0],[3,0,0,1,0],[1,-1.5,1.5,1],[1,-180,-180,0]],[40,"Bar11",1,4,[-961],[[0,-958,[5,67,768]],[36,0,-959,[4,1107296256],207],[1,188,-960,[5,67,768]]],[1,14191.349,-2.515,0]],[8,"Beechnut",512,1,8,[[0,-962,[5,42,42]],[3,-963,208],[5,-964,1,2,209],[1,999,-965,[5,42,42]]],[1,1510.911,24.79,0],[1,1.2,1.2,1]],[8,"Beechnut-001",512,1,8,[[0,-966,[5,42,42]],[3,-967,210],[5,-968,1,2,211],[1,999,-969,[5,42,42]]],[1,2144.569,24.79,0],[1,1.2,1.2,1]],[8,"Beechnut-002",512,1,8,[[0,-970,[5,42,42]],[3,-971,212],[5,-972,1,2,213],[1,999,-973,[5,42,42]]],[1,2751.666,24.79,0],[1,1.2,1.2,1]],[8,"Beechnut-003",512,1,8,[[0,-974,[5,42,42]],[3,-975,214],[5,-976,1,2,215],[1,999,-977,[5,42,42]]],[1,3396.707,-161.134,0],[1,1.2,1.2,1]],[8,"Beechnut-004",512,1,8,[[0,-978,[5,42,42]],[3,-979,216],[5,-980,1,2,217],[1,999,-981,[5,42,42]]],[1,4041.459,244.216,0],[1,1.2,1.2,1]],[8,"Beechnut-005",512,1,8,[[0,-982,[5,42,42]],[3,-983,218],[5,-984,1,2,219],[1,999,-985,[5,42,42]]],[1,4861.967,-220.157,0],[1,1.2,1.2,1]],[8,"Beechnut-006",512,1,8,[[0,-986,[5,42,42]],[3,-987,220],[5,-988,1,2,221],[1,999,-989,[5,42,42]]],[1,5575.326,196.313,0],[1,1.2,1.2,1]],[8,"Beechnut-007",512,1,8,[[0,-990,[5,42,42]],[3,-991,222],[5,-992,1,2,223],[1,999,-993,[5,42,42]]],[1,6403.126,-155.502,0],[1,1.2,1.2,1]],[8,"Beechnut-008",512,1,8,[[0,-994,[5,42,42]],[3,-995,224],[5,-996,1,2,225],[1,999,-997,[5,42,42]]],[1,7342.345,43.515,0],[1,1.2,1.2,1]],[8,"Beechnut-009",512,1,8,[[0,-998,[5,42,42]],[3,-999,226],[5,-1000,1,2,227],[1,999,-1001,[5,42,42]]],[1,8226.431,43.515,0],[1,1.2,1.2,1]],[8,"Beechnut-010",512,1,8,[[0,-1002,[5,42,42]],[3,-1003,228],[5,-1004,1,2,229],[1,999,-1005,[5,42,42]]],[1,9030.506,43.515,0],[1,1.2,1.2,1]],[8,"Beechnut-011",512,1,8,[[0,-1006,[5,42,42]],[3,-1007,230],[5,-1008,1,2,231],[1,999,-1009,[5,42,42]]],[1,9590.531,-282.76,0],[1,1.2,1.2,1]],[8,"Beechnut-012",512,1,8,[[0,-1010,[5,42,42]],[3,-1011,232],[5,-1012,1,2,233],[1,999,-1013,[5,42,42]]],[1,10468.829,133.983,0],[1,1.2,1.2,1]],[8,"Beechnut-013",512,1,8,[[0,-1014,[5,42,42]],[3,-1015,234],[5,-1016,1,2,235],[1,999,-1017,[5,42,42]]],[1,11262.652,1.679,0],[1,1.2,1.2,1]],[8,"Beechnut-014",512,1,8,[[0,-1018,[5,42,42]],[3,-1019,236],[5,-1020,1,2,237],[1,999,-1021,[5,42,42]]],[1,11945.34,-204.715,0],[1,1.2,1.2,1]],[8,"Beechnut-015",512,1,8,[[0,-1022,[5,42,42]],[3,-1023,238],[5,-1024,1,2,239],[1,999,-1025,[5,42,42]]],[1,12686.242,197.489,0],[1,1.2,1.2,1]],[8,"Beechnut-016",512,1,8,[[0,-1026,[5,42,42]],[3,-1027,240],[5,-1028,1,2,241],[1,999,-1029,[5,42,42]]],[1,13585.909,-188.839,0],[1,1.2,1.2,1]],[4,"fast",512,1,11,[[0,-1030,[5,31,49]],[3,-1031,242],[1,888,-1032,[5,31,49]],[29,-1033]],[1,7583.777,-256.698,0]],[4,"fast-001",512,1,11,[[0,-1034,[5,31,49]],[3,-1035,243],[1,888,-1036,[5,31,49]],[29,-1037]],[1,1175.152,-209.763,0]],[4,"stop_time",512,1,11,[[0,-1038,[5,50,53]],[3,-1039,244],[13,2,-1040],[11,889,26.5,-1041]],[1,4608.98,-147.803,0]],[4,"stop_time-001",512,1,11,[[0,-1042,[5,50,53]],[3,-1043,245],[13,2,-1044],[11,889,26.5,-1045]],[1,1643.469,264.411,0]],[4,"magnet",512,1,11,[[0,-1046,[5,52,55]],[3,-1047,246],[13,3,-1048],[1,899,-1049,[5,52,55]]],[1,5277.76,0,0]],[4,"slow",512,1,11,[[0,-1050,[5,31,49]],[3,-1051,247],[1,887,-1052,[5,31,49]],[13,4,-1053]],[1,3772.092,222.082,0]],[4,"stop_time-002",512,1,11,[[0,-1054,[5,50,53]],[3,-1055,248],[13,2,-1056],[11,889,26.5,-1057]],[1,8904.709,186.101,0]],[4,"slow-001",512,1,11,[[0,-1058,[5,31,49]],[3,-1059,249],[1,887,-1060,[5,31,49]],[13,4,-1061]],[1,7776.933,222.082,0]],[4,"stop_time-003",512,1,11,[[0,-1062,[5,50,53]],[3,-1063,250],[13,2,-1064],[11,889,26.5,-1065]],[1,10534.694,-115.552,0]],[4,"Bar1",512,1,3,[[0,-1066,[5,67,600]],[2,0,-1067,251],[1,111,-1068,[5,67,600]],[10,-1069]],[1,11951.115,261.871,0]],[4,"Bar2",512,1,3,[[0,-1070,[5,67,600]],[2,0,-1071,252],[1,111,-1072,[5,67,600]],[10,-1073]],[1,12451.115,-210.293,0]],[4,"Bar3",512,1,3,[[0,-1074,[5,67,600]],[2,0,-1075,253],[1,111,-1076,[5,67,600]],[10,-1077]],[1,4120.388,-210.293,0]],[4,"Bar4",512,1,3,[[0,-1078,[5,67,600]],[2,0,-1079,254],[1,111,-1080,[5,67,600]],[10,-1081]],[1,3620.388,261.871,0]],[4,"Bar7",512,1,3,[[0,-1082,[5,67,600]],[2,0,-1083,258],[1,111,-1084,[5,67,600]],[10,-1085]],[1,5794.349,-210.293,0]],[4,"Bar8",512,1,3,[[0,-1086,[5,67,600]],[2,0,-1087,259],[1,111,-1088,[5,67,600]],[10,-1089]],[1,5294.349,261.871,0]],[4,"arrow3",512,1,3,[[0,-1090,[5,51,152]],[2,0,-1091,261],[1,112,-1092,[5,51,152]],[17,2,1.5,0.5,-1093]],[1,6453.839,480.788,0]],[14,"arrow4",512,1,3,[[0,-1094,[5,51,152]],[2,0,-1095,262],[1,112,-1096,[5,51,152]],[18,2,true,1.5,0.5,-1097]],[1,6650.543,-519.212,0],[3,-6.123233995736766e-17,-6.123233995736766e-17,-1,3.749399456654644e-33],[1,-1,1,1],[1,-180,-180,0]],[14,"arrow5",512,1,3,[[0,-1098,[5,51,152]],[2,0,-1099,263],[1,112,-1100,[5,51,152]],[20,2,true,1.5,-1101]],[1,7208.314,-519.212,0],[3,-6.123233995736766e-17,-6.123233995736766e-17,-1,3.749399456654644e-33],[1,-1,1,1],[1,-180,-180,0]],[4,"arrow6",512,1,3,[[0,-1102,[5,51,152]],[2,0,-1103,264],[1,112,-1104,[5,51,152]],[19,2,1.5,-1105]],[1,7011.61,480.788,0]],[4,"arrow7",512,1,3,[[0,-1106,[5,51,152]],[2,0,-1107,267],[1,112,-1108,[5,51,152]],[19,2,1.5,-1109]],[1,8279.377,480.788,0]],[14,"arrow8",512,1,3,[[0,-1110,[5,51,152]],[2,0,-1111,268],[1,112,-1112,[5,51,152]],[20,2,true,1.5,-1113]],[1,8476.081,-519.212,0],[3,-6.123233995736766e-17,-6.123233995736766e-17,-1,3.749399456654644e-33],[1,-1,1,1],[1,-180,-180,0]],[14,"arrow9",512,1,3,[[0,-1114,[5,51,152]],[2,0,-1115,269],[1,112,-1116,[5,51,152]],[18,2,true,1.5,0.5,-1117]],[1,7918.31,-519.212,0],[3,-6.123233995736766e-17,-6.123233995736766e-17,-1,3.749399456654644e-33],[1,-1,1,1],[1,-180,-180,0]],[4,"arrow10",512,1,3,[[0,-1118,[5,51,152]],[2,0,-1119,270],[1,112,-1120,[5,51,152]],[17,2,1.5,0.5,-1121]],[1,7721.606,480.788,0]],[4,"arrow11",512,1,3,[[0,-1122,[5,51,152]],[2,0,-1123,271],[1,112,-1124,[5,51,152]],[19,2,1.5,-1125]],[1,3259.425,480.788,0]],[14,"arrow12",512,1,3,[[0,-1126,[5,51,152]],[2,0,-1127,272],[1,112,-1128,[5,51,152]],[20,2,true,1.5,-1129]],[1,3456.129,-519.212,0],[3,-6.123233995736766e-17,-6.123233995736766e-17,-1,3.749399456654644e-33],[1,-1,1,1],[1,-180,-180,0]],[14,"arrow13",512,1,3,[[0,-1130,[5,51,152]],[2,0,-1131,273],[1,112,-1132,[5,51,152]],[18,2,true,1.5,0.5,-1133]],[1,4017.377,-519.212,0],[3,-6.123233995736766e-17,-6.123233995736766e-17,-1,3.749399456654644e-33],[1,-1,1,1],[1,-180,-180,0]],[4,"arrow14",512,1,3,[[0,-1134,[5,51,152]],[2,0,-1135,274],[1,112,-1136,[5,51,152]],[17,2,1.5,0.5,-1137]],[1,3820.673,480.788,0]],[4,"Bar9",512,1,3,[[0,-1138,[5,67,600]],[2,0,-1139,275],[1,111,-1140,[5,67,600]],[10,-1141]],[1,10078.905,261.871,0]],[4,"Bar10",512,1,3,[[0,-1142,[5,67,600]],[2,0,-1143,276],[1,111,-1144,[5,67,600]],[10,-1145]],[1,10578.905,-210.293,0]],[4,"Boomerang-002",512,1,3,[[0,-1146,[5,84,84]],[16,4,0,false,"default","animation",-1147,280],[11,112,42,-1148],[9,4,-1149]],[1,12775.629,468.777,0]],[4,"Boomerang-003",512,1,3,[[0,-1150,[5,84,84]],[16,4,0,false,"default","animation",-1151,281],[11,112,42,-1152],[24,4,true,-1153]],[1,13555.235,463.253,0]],[14,"IceSharp3",512,1,3,[[0,-1154,[5,74.65299999999999,250]],[2,0,-1155,282],[24,3,true,-1156],[15,112,-1157,[[[0,-17.75726699029126,125],[0,-22.83077184466019,120],[0,-24.280344660194174,114],[0,-28.629063106796114,57],[0,-30.078635922330093,51],[0,-37.326499999999996,-29],[0,-36.601713592233004,-45],[0,-32.97778155339805,-49],[0,-27.904276699029126,-49],[0,-25.72991747572815,-46],[0,-24.280344660194174,-46],[0,-9.059830097087378,-5],[0,7.610257281553395,-119],[0,9.059830097087378,-123],[0,11.958975728155337,-125],[0,17.757266990291264,-125],[0,20.656412621359223,-123],[0,22.83077184466019,-115],[0,25.72991747572815,25],[0,32.97778155339806,24],[0,37.326499999999996,30],[0,37.326499999999996,42],[0,27.179490291262127,120],[0,22.1059854368932,125]],8,8,8,8,8,8,8,8,8,8,8,8,8,8,8,8,8,8,8,8,8,8,8,8]]],[1,9107.055,-192.751,0],[3,0,0,1,0],[1,-1.5,1.5,1],[1,-180,-180,0]],[8,"IceSharp4",512,1,3,[[0,-1158,[5,74.65299999999999,250]],[2,0,-1159,283],[9,3,-1160],[15,112,-1161,[[[0,-17.75726699029126,125],[0,-22.83077184466019,120],[0,-24.280344660194174,114],[0,-28.629063106796114,57],[0,-30.078635922330093,51],[0,-37.326499999999996,-29],[0,-36.601713592233004,-45],[0,-32.97778155339805,-49],[0,-27.904276699029126,-49],[0,-25.72991747572815,-46],[0,-24.280344660194174,-46],[0,-9.059830097087378,-5],[0,7.610257281553395,-119],[0,9.059830097087378,-123],[0,11.958975728155337,-125],[0,17.757266990291264,-125],[0,20.656412621359223,-123],[0,22.83077184466019,-115],[0,25.72991747572815,25],[0,32.97778155339806,24],[0,37.326499999999996,30],[0,37.326499999999996,42],[0,27.179490291262127,120],[0,22.1059854368932,125]],8,8,8,8,8,8,8,8,8,8,8,8,8,8,8,8,8,8,8,8,8,8,8,8]]],[1,9107.055,171.981,0],[1,1.5,1.5,1]],[4,"Boomerang-004",512,1,3,[[0,-1162,[5,84,84]],[16,4,0,false,"default","animation",-1163,284],[11,112,42,-1164],[24,4,true,-1165]],[1,3035.161,463.253,0]],[4,"Boomerang-005",512,1,3,[[0,-1166,[5,84,84]],[16,4,0,false,"default","animation",-1167,285],[11,112,42,-1168],[9,4,-1169]],[1,2255.555,468.777,0]],[4,"Boomerang-006",512,1,3,[[0,-1170,[5,84,84]],[16,4,0,false,"default","animation",-1171,286],[11,112,42,-1172],[38,4,0.5,-1173]],[1,1864.282,468.777,0]],[4,"Boomerang-007",512,1,3,[[0,-1174,[5,84,84]],[16,4,0,false,"default","animation",-1175,287],[11,112,42,-1176],[39,4,true,0.5,-1177]],[1,2643.888,463.253,0]],[8,"IceSharp5",512,1,3,[[0,-1178,[5,74.65299999999999,250]],[2,0,-1179,288],[17,3,0.125,0.5,-1180],[15,112,-1181,[[[0,-17.75726699029126,125],[0,-22.83077184466019,120],[0,-24.280344660194174,114],[0,-28.629063106796114,57],[0,-30.078635922330093,51],[0,-37.326499999999996,-29],[0,-36.601713592233004,-45],[0,-32.97778155339805,-49],[0,-27.904276699029126,-49],[0,-25.72991747572815,-46],[0,-24.280344660194174,-46],[0,-9.059830097087378,-5],[0,7.610257281553395,-119],[0,9.059830097087378,-123],[0,11.958975728155337,-125],[0,17.757266990291264,-125],[0,20.656412621359223,-123],[0,22.83077184466019,-115],[0,25.72991747572815,25],[0,32.97778155339806,24],[0,37.326499999999996,30],[0,37.326499999999996,42],[0,27.179490291262127,120],[0,22.1059854368932,125]],8,8,8,8,8,8,8,8,8,8,8,8,8,8,8,8,8,8,8,8,8,8,8,8]]],[1,2888.538,171.981,0],[1,1.5,1.5,1]],[14,"IceSharp6",512,1,3,[[0,-1182,[5,74.65299999999999,250]],[2,0,-1183,289],[20,3,true,0.125,-1184],[15,112,-1185,[[[0,-17.75726699029126,125],[0,-22.83077184466019,120],[0,-24.280344660194174,114],[0,-28.629063106796114,57],[0,-30.078635922330093,51],[0,-37.326499999999996,-29],[0,-36.601713592233004,-45],[0,-32.97778155339805,-49],[0,-27.904276699029126,-49],[0,-25.72991747572815,-46],[0,-24.280344660194174,-46],[0,-9.059830097087378,-5],[0,7.610257281553395,-119],[0,9.059830097087378,-123],[0,11.958975728155337,-125],[0,17.757266990291264,-125],[0,20.656412621359223,-123],[0,22.83077184466019,-115],[0,25.72991747572815,25],[0,32.97778155339806,24],[0,37.326499999999996,30],[0,37.326499999999996,42],[0,27.179490291262127,120],[0,22.1059854368932,125]],8,8,8,8,8,8,8,8,8,8,8,8,8,8,8,8,8,8,8,8,8,8,8,8]]],[1,2888.538,-192.751,0],[3,0,0,1,0],[1,-1.5,1.5,1],[1,-180,-180,0]],[14,"IceSharp7",512,1,3,[[0,-1186,[5,74.65299999999999,250]],[2,0,-1187,290],[18,3,true,0.125,0.5,-1188],[15,112,-1189,[[[0,-17.75726699029126,125],[0,-22.83077184466019,120],[0,-24.280344660194174,114],[0,-28.629063106796114,57],[0,-30.078635922330093,51],[0,-37.326499999999996,-29],[0,-36.601713592233004,-45],[0,-32.97778155339805,-49],[0,-27.904276699029126,-49],[0,-25.72991747572815,-46],[0,-24.280344660194174,-46],[0,-9.059830097087378,-5],[0,7.610257281553395,-119],[0,9.059830097087378,-123],[0,11.958975728155337,-125],[0,17.757266990291264,-125],[0,20.656412621359223,-123],[0,22.83077184466019,-115],[0,25.72991747572815,25],[0,32.97778155339806,24],[0,37.326499999999996,30],[0,37.326499999999996,42],[0,27.179490291262127,120],[0,22.1059854368932,125]],8,8,8,8,8,8,8,8,8,8,8,8,8,8,8,8,8,8,8,8,8,8,8,8]]],[1,2500.566,-192.751,0],[3,0,0,1,0],[1,-1.5,1.5,1],[1,-180,-180,0]],[8,"IceSharp8",512,1,3,[[0,-1190,[5,74.65299999999999,250]],[2,0,-1191,291],[19,3,0.125,-1192],[15,112,-1193,[[[0,-17.75726699029126,125],[0,-22.83077184466019,120],[0,-24.280344660194174,114],[0,-28.629063106796114,57],[0,-30.078635922330093,51],[0,-37.326499999999996,-29],[0,-36.601713592233004,-45],[0,-32.97778155339805,-49],[0,-27.904276699029126,-49],[0,-25.72991747572815,-46],[0,-24.280344660194174,-46],[0,-9.059830097087378,-5],[0,7.610257281553395,-119],[0,9.059830097087378,-123],[0,11.958975728155337,-125],[0,17.757266990291264,-125],[0,20.656412621359223,-123],[0,22.83077184466019,-115],[0,25.72991747572815,25],[0,32.97778155339806,24],[0,37.326499999999996,30],[0,37.326499999999996,42],[0,27.179490291262127,120],[0,22.1059854368932,125]],8,8,8,8,8,8,8,8,8,8,8,8,8,8,8,8,8,8,8,8,8,8,8,8]]],[1,2500.566,171.981,0],[1,1.5,1.5,1]],[8,"IceSharp9",512,1,3,[[0,-1194,[5,74.65299999999999,250]],[2,0,-1195,292],[17,3,0.125,0.5,-1196],[15,112,-1197,[[[0,-17.75726699029126,125],[0,-22.83077184466019,120],[0,-24.280344660194174,114],[0,-28.629063106796114,57],[0,-30.078635922330093,51],[0,-37.326499999999996,-29],[0,-36.601713592233004,-45],[0,-32.97778155339805,-49],[0,-27.904276699029126,-49],[0,-25.72991747572815,-46],[0,-24.280344660194174,-46],[0,-9.059830097087378,-5],[0,7.610257281553395,-119],[0,9.059830097087378,-123],[0,11.958975728155337,-125],[0,17.757266990291264,-125],[0,20.656412621359223,-123],[0,22.83077184466019,-115],[0,25.72991747572815,25],[0,32.97778155339806,24],[0,37.326499999999996,30],[0,37.326499999999996,42],[0,27.179490291262127,120],[0,22.1059854368932,125]],8,8,8,8,8,8,8,8,8,8,8,8,8,8,8,8,8,8,8,8,8,8,8,8]]],[1,1627.258,171.981,0],[1,1.5,1.5,1]],[14,"IceSharp10",512,1,3,[[0,-1198,[5,74.65299999999999,250]],[2,0,-1199,293],[18,3,true,0.125,0.5,-1200],[15,112,-1201,[[[0,-17.75726699029126,125],[0,-22.83077184466019,120],[0,-24.280344660194174,114],[0,-28.629063106796114,57],[0,-30.078635922330093,51],[0,-37.326499999999996,-29],[0,-36.601713592233004,-45],[0,-32.97778155339805,-49],[0,-27.904276699029126,-49],[0,-25.72991747572815,-46],[0,-24.280344660194174,-46],[0,-9.059830097087378,-5],[0,7.610257281553395,-119],[0,9.059830097087378,-123],[0,11.958975728155337,-125],[0,17.757266990291264,-125],[0,20.656412621359223,-123],[0,22.83077184466019,-115],[0,25.72991747572815,25],[0,32.97778155339806,24],[0,37.326499999999996,30],[0,37.326499999999996,42],[0,27.179490291262127,120],[0,22.1059854368932,125]],8,8,8,8,8,8,8,8,8,8,8,8,8,8,8,8,8,8,8,8,8,8,8,8]]],[1,1627.258,-192.751,0],[3,0,0,1,0],[1,-1.5,1.5,1],[1,-180,-180,0]],[4,"arrow15",512,1,3,[[0,-1202,[5,51,152]],[2,0,-1203,295],[1,112,-1204,[5,51,152]],[17,2,1.5,0.5,-1205]],[1,8683.758,480.788,0]],[14,"arrow16",512,1,3,[[0,-1206,[5,51,152]],[2,0,-1207,296],[1,112,-1208,[5,51,152]],[18,2,true,1.5,0.5,-1209]],[1,8880.462,-519.212,0],[3,-6.123233995736766e-17,-6.123233995736766e-17,-1,3.749399456654644e-33],[1,-1,1,1],[1,-180,-180,0]],[14,"arrow17",512,1,3,[[0,-1210,[5,51,152]],[2,0,-1211,297],[1,112,-1212,[5,51,152]],[20,2,true,1.5,-1213]],[1,9438.233,-519.212,0],[3,-6.123233995736766e-17,-6.123233995736766e-17,-1,3.749399456654644e-33],[1,-1,1,1],[1,-180,-180,0]],[4,"arrow18",512,1,3,[[0,-1214,[5,51,152]],[2,0,-1215,298],[1,112,-1216,[5,51,152]],[19,2,1.5,-1217]],[1,9241.529,480.788,0]],[4,"arrow19",512,1,3,[[0,-1218,[5,51,152]],[2,0,-1219,299],[1,112,-1220,[5,51,152]],[19,2,1.5,-1221]],[1,11356.026,480.788,0]],[14,"arrow20",512,1,3,[[0,-1222,[5,51,152]],[2,0,-1223,300],[1,112,-1224,[5,51,152]],[20,2,true,1.5,-1225]],[1,11552.73,-519.212,0],[3,-6.123233995736766e-17,-6.123233995736766e-17,-1,3.749399456654644e-33],[1,-1,1,1],[1,-180,-180,0]],[14,"arrow21",512,1,3,[[0,-1226,[5,51,152]],[2,0,-1227,301],[1,112,-1228,[5,51,152]],[18,2,true,1.5,0.5,-1229]],[1,10994.959,-519.212,0],[3,-6.123233995736766e-17,-6.123233995736766e-17,-1,3.749399456654644e-33],[1,-1,1,1],[1,-180,-180,0]],[4,"arrow22",512,1,3,[[0,-1230,[5,51,152]],[2,0,-1231,302],[1,112,-1232,[5,51,152]],[17,2,1.5,0.5,-1233]],[1,10798.255,480.788,0]],[4,"arrow23",512,1,3,[[0,-1234,[5,51,152]],[2,0,-1235,303],[1,112,-1236,[5,51,152]],[17,2,1.5,0.5,-1237]],[1,4838.631,480.788,0]],[14,"arrow24",512,1,3,[[0,-1238,[5,51,152]],[2,0,-1239,304],[1,112,-1240,[5,51,152]],[18,2,true,1.5,0.5,-1241]],[1,5035.335,-519.212,0],[3,-6.123233995736766e-17,-6.123233995736766e-17,-1,3.749399456654644e-33],[1,-1,1,1],[1,-180,-180,0]],[14,"arrow25",512,1,3,[[0,-1242,[5,51,152]],[2,0,-1243,305],[1,112,-1244,[5,51,152]],[20,2,true,1.5,-1245]],[1,4474.087,-519.212,0],[3,-6.123233995736766e-17,-6.123233995736766e-17,-1,3.749399456654644e-33],[1,-1,1,1],[1,-180,-180,0]],[4,"arrow26",512,1,3,[[0,-1246,[5,51,152]],[2,0,-1247,306],[1,112,-1248,[5,51,152]],[19,2,1.5,-1249]],[1,4277.383,480.788,0]],[4,"arrow27",512,1,3,[[0,-1250,[5,51,152]],[2,0,-1251,307],[1,112,-1252,[5,51,152]],[19,2,1.5,-1253]],[1,5421.866,480.788,0]],[14,"arrow28",512,1,3,[[0,-1254,[5,51,152]],[2,0,-1255,308],[1,112,-1256,[5,51,152]],[20,2,true,1.5,-1257]],[1,5618.57,-519.212,0],[3,-6.123233995736766e-17,-6.123233995736766e-17,-1,3.749399456654644e-33],[1,-1,1,1],[1,-180,-180,0]],[14,"arrow29",512,1,3,[[0,-1258,[5,51,152]],[2,0,-1259,309],[1,112,-1260,[5,51,152]],[18,2,true,1.5,0.5,-1261]],[1,6179.818,-519.212,0],[3,-6.123233995736766e-17,-6.123233995736766e-17,-1,3.749399456654644e-33],[1,-1,1,1],[1,-180,-180,0]],[4,"arrow30",512,1,3,[[0,-1262,[5,51,152]],[2,0,-1263,310],[1,112,-1264,[5,51,152]],[17,2,1.5,0.5,-1265]],[1,5983.114,480.788,0]],[76,"GameScene",[1,46,52],[77,"27acba1b-2c0a-46aa-b1d6-d4bcac3cf053"],[78,[79,[2,0,0,0,0.520833125],[2,0,0,0,0]],[80,[4,4283190348],[0,512,512]],[81],[82],[83]]],[59,"sound_on",512,false,33554432,15,[[0,-1266,[5,44,48]],[3,-1267,34]],[1,-42.786,-48.687,0]],[4,"Clock",512,33554432,53,[[0,-1268,[5,50,53]],[3,-1269,2]],[1,367.088,-21.315,0]],[4,"TimmerBarIcon",512,33554432,14,[[25,-1270,[5,42,42],[0,0,1]],[2,0,-1271,3],[48,9,0.03,0.03,112.544,false,false,-1272]],[1,-481.28,360.96,0]],[4,"sound_off",512,33554432,15,[[0,-1273,[5,53,45]],[3,-1274,31]],[1,-38.257,-49.155,0]],[4,"Bar11",512,1,3,[[0,-1275,[5,67,768]],[36,0,-1276,[4,1107296256],294],[1,188,-1277,[5,67,768]]],[1,14191.349,-2.515,0]],[33,"Edge",512,1,17,[-1279,-1280],[[21,-1278]]],[4,"Top-001",512,1,258,[[0,-1281,[5,15427.172,112.79700000000001]],[26,2,0,-1282,312],[69,false,111,0,-1283,[5,10503.345,112.79700000000001]]],[1,6319.976,-404.678,0]],[63,"Camera",1,[[-1284,[84,13207.943,-1285,2]],1,4],[1,0,0,1000]],[85,52,253,256,12,13,1,2,17,1,[48,49,50]],[45,"Bar",512,33554432,54,[[[25,-1286,[5,296,15],[0,0,0.5]],-1287],4,1],[1,-149.235,3.061,0]],[27,"button_home",512,33554432,18,[[0,-1288,[5,50,43]],[3,-1289,9]]],[27,"button_pause",512,33554432,19,[[0,-1290,[5,36,39]],[3,-1291,12]]],[4,"text_pause",512,33554432,56,[[0,-1292,[5,313,108]],[3,-1293,15]],[1,0,105.825,0]],[27,"button_home",512,33554432,20,[[0,-1294,[5,50,43]],[3,-1295,21]]],[27,"button_reload",512,33554432,21,[[0,-1296,[5,45,39]],[3,-1297,24]]],[45,"LabelHighScore",512,33554432,47,[[[0,-1298,[5,388.01,50.4]],-1299],4,1],[1,0,-100.127,0]],[4,"Gameover",512,33554432,47,[[0,-1300,[5,584,108]],[3,-1301,27]],[1,0,135.885,0]],[4,"icon",512,33554432,16,[[0,-1302,[5,29,36]],[3,-1303,28]],[1,-42.786,-48.687,0]],[27,"Label",512,1,105,[[0,-1304,[5,41.12,50.4]],[51,"Next",20,20,-1305]]],[60,"Label",1,175,[[0,-1306,[5,41.12,50.4]],[51,"Next",20,20,-1307]]],[8,"Top",512,1,258,[[0,-1308,[5,15427.172,112.79700000000001]],[26,2,0,-1309,311]],[1,6319.976,397.077,0],[1,1,-1,1]],[7,"fast",1,2,[[0,-1310,[5,31,49]],[3,-1311,313]],[1,-23.145,0,0]],[7,"slow",1,2,[[0,-1312,[5,31,49]],[3,-1313,314]],[1,-23.67,0,0]],[7,"Background",1,1,[[25,-1314,[5,15518.561,768],[0,0,0.5]],[26,2,0,-1315,317]],[1,-1392.379,0,0]],[87,0,1073741824,389.55216881594373,0,2000,1,260,[4,4278190080]],[64,"Camera",512,46,[-1316],[1,0,0,1000]],[88,0,1073741824,389.55216881594373,0,2000,6,41943040,278,[4,4278190080]],[72,1,0,262],[89,296,1,54,280],[86,"High Score: 9999",55,55,false,268]],0,[0,0,1,0,8,277,0,0,1,0,0,1,0,-1,260,0,-2,276,0,-3,17,0,-4,2,0,0,2,0,0,2,0,14,254,0,9,261,0,15,17,0,0,2,0,0,2,0,-1,51,0,-2,274,0,-3,275,0,0,3,0,-1,202,0,-2,203,0,-3,204,0,-4,205,0,-5,37,0,-6,38,0,-7,39,0,-8,206,0,-9,207,0,-10,40,0,-11,208,0,-12,209,0,-13,210,0,-14,211,0,-15,41,0,-16,42,0,-17,212,0,-18,213,0,-19,214,0,-20,215,0,-21,216,0,-22,217,0,-23,218,0,-24,219,0,-25,220,0,-26,221,0,-27,43,0,-28,44,0,-29,45,0,-30,222,0,-31,223,0,-32,224,0,-33,225,0,-34,226,0,-35,227,0,-36,228,0,-37,229,0,-38,230,0,-39,231,0,-40,232,0,-41,233,0,-42,234,0,-43,235,0,-44,257,0,-45,236,0,-46,237,0,-47,238,0,-48,239,0,-49,240,0,-50,241,0,-51,242,0,-52,243,0,-53,244,0,-54,245,0,-55,246,0,-56,247,0,-57,248,0,-58,249,0,-59,250,0,-60,251,0,0,4,0,-1,139,0,-2,140,0,-3,141,0,-4,142,0,-5,143,0,-6,144,0,-7,28,0,-8,29,0,-9,30,0,-10,145,0,-11,146,0,-12,31,0,-13,147,0,-14,148,0,-15,149,0,-16,150,0,-17,32,0,-18,33,0,-19,151,0,-20,152,0,-21,153,0,-22,154,0,-23,155,0,-24,156,0,-25,157,0,-26,158,0,-27,159,0,-28,160,0,-29,34,0,-30,35,0,-31,36,0,-32,161,0,-33,162,0,-34,163,0,-35,164,0,-36,165,0,-37,166,0,-38,167,0,-39,168,0,-40,169,0,-41,170,0,-42,171,0,-43,172,0,-44,173,0,-45,174,0,-46,175,0,0,5,0,-1,22,0,-2,88,0,-3,89,0,-4,90,0,-5,91,0,-6,92,0,-7,93,0,-8,94,0,-9,23,0,-10,95,0,-11,96,0,-12,24,0,-13,25,0,-14,97,0,-15,98,0,-16,99,0,-17,100,0,-18,26,0,-19,27,0,-20,101,0,-21,102,0,-22,103,0,-23,104,0,-24,105,0,-25,106,0,-26,107,0,-27,108,0,-28,109,0,0,6,0,-1,58,0,-2,59,0,-3,60,0,-4,61,0,-5,62,0,-6,63,0,-7,64,0,-8,65,0,-9,66,0,-10,67,0,-11,68,0,-12,69,0,-13,70,0,-14,71,0,-15,72,0,-16,73,0,-17,74,0,-18,75,0,-19,76,0,-20,77,0,-21,78,0,0,7,0,-1,110,0,-2,111,0,-3,112,0,-4,113,0,-5,114,0,-6,115,0,-7,116,0,-8,117,0,-9,118,0,-10,119,0,-11,120,0,-12,121,0,-13,122,0,-14,123,0,-15,124,0,-16,125,0,-17,126,0,-18,127,0,-19,128,0,0,8,0,-1,176,0,-2,177,0,-3,178,0,-4,179,0,-5,180,0,-6,181,0,-7,182,0,-8,183,0,-9,184,0,-10,185,0,-11,186,0,-12,187,0,-13,188,0,-14,189,0,-15,190,0,-16,191,0,-17,192,0,0,9,0,-1,129,0,-2,130,0,-3,131,0,-4,132,0,-5,133,0,-6,134,0,-7,135,0,-8,136,0,-9,137,0,-10,138,0,0,10,0,-1,79,0,-2,80,0,-3,81,0,-4,82,0,-5,83,0,-6,84,0,-7,85,0,-8,86,0,-9,87,0,0,11,0,-1,193,0,-2,194,0,-3,195,0,-4,196,0,-5,197,0,-6,198,0,-7,199,0,-8,200,0,-9,201,0,0,12,0,0,12,0,0,12,0,0,12,0,-1,55,0,-2,56,0,0,13,0,0,13,0,0,13,0,16,282,0,0,13,0,-1,57,0,-2,47,0,0,14,0,0,14,0,0,14,0,-1,53,0,-2,255,0,-3,16,0,0,15,0,0,15,0,5,15,0,10,52,0,0,15,0,0,15,0,-1,253,0,-2,256,0,0,16,0,0,16,0,5,16,0,10,52,0,0,16,0,0,16,0,-1,270,0,0,17,0,-1,48,0,-2,49,0,-3,50,0,-4,258,0,0,18,0,0,18,0,5,18,0,0,18,0,0,18,0,-1,263,0,0,19,0,0,19,0,5,19,0,0,19,0,0,19,0,-1,264,0,0,20,0,0,20,0,5,20,0,0,20,0,0,20,0,-1,266,0,0,21,0,0,21,0,5,21,0,0,21,0,0,21,0,-1,267,0,0,22,0,0,22,0,0,22,0,0,22,0,0,22,0,0,22,0,0,23,0,0,23,0,0,23,0,0,23,0,0,23,0,0,23,0,0,24,0,0,24,0,0,24,0,0,24,0,0,24,0,0,24,0,0,25,0,0,25,0,0,25,0,0,25,0,0,25,0,0,25,0,0,26,0,0,26,0,0,26,0,0,26,0,0,26,0,0,26,0,0,27,0,0,27,0,0,27,0,0,27,0,0,27,0,0,27,0,0,28,0,0,28,0,0,28,0,0,28,0,0,28,0,0,28,0,0,29,0,0,29,0,0,29,0,0,29,0,0,29,0,0,29,0,0,30,0,0,30,0,0,30,0,0,30,0,0,30,0,0,30,0,0,31,0,0,31,0,0,31,0,0,31,0,0,31,0,0,31,0,0,32,0,0,32,0,0,32,0,0,32,0,0,32,0,0,32,0,0,33,0,0,33,0,0,33,0,0,33,0,0,33,0,0,33,0,0,34,0,0,34,0,0,34,0,0,34,0,0,34,0,0,34,0,0,35,0,0,35,0,0,35,0,0,35,0,0,35,0,0,35,0,0,36,0,0,36,0,0,36,0,0,36,0,0,36,0,0,36,0,0,37,0,0,37,0,0,37,0,0,37,0,0,37,0,0,37,0,0,38,0,0,38,0,0,38,0,0,38,0,0,38,0,0,38,0,0,39,0,0,39,0,0,39,0,0,39,0,0,39,0,0,39,0,0,40,0,0,40,0,0,40,0,0,40,0,0,40,0,0,40,0,0,41,0,0,41,0,0,41,0,0,41,0,0,41,0,0,41,0,0,42,0,0,42,0,0,42,0,0,42,0,0,42,0,0,42,0,0,43,0,0,43,0,0,43,0,0,43,0,0,43,0,0,43,0,0,44,0,0,44,0,0,44,0,0,44,0,0,44,0,0,44,0,0,45,0,0,45,0,0,45,0,0,45,0,0,45,0,0,45,0,0,46,0,8,279,0,0,46,0,0,46,0,-1,278,0,0,47,0,-3,268,0,-4,269,0,0,48,0,0,49,0,0,50,0,0,51,0,0,51,0,0,51,0,9,261,0,0,51,0,0,52,0,-2,261,0,0,53,0,0,53,0,-1,54,0,-2,254,0,0,54,0,0,54,0,-3,281,0,-1,262,0,0,55,0,0,55,0,5,55,0,0,55,0,0,56,0,-3,265,0,0,57,0,0,57,0,5,57,0,0,57,0,0,58,0,0,58,0,0,58,0,0,58,0,0,59,0,0,59,0,0,59,0,0,59,0,0,60,0,0,60,0,0,60,0,0,60,0,0,61,0,0,61,0,0,61,0,0,61,0,0,62,0,0,62,0,0,62,0,0,62,0,0,63,0,0,63,0,0,63,0,0,63,0,0,64,0,0,64,0,0,64,0,0,64,0,0,65,0,0,65,0,0,65,0,0,65,0,0,66,0,0,66,0,0,66,0,0,66,0,0,67,0,0,67,0,0,67,0,0,67,0,0,68,0,0,68,0,0,68,0,0,68,0,0,69,0,0,69,0,0,69,0,0,69,0,0,70,0,0,70,0,0,70,0,0,70,0,0,71,0,0,71,0,0,71,0,0,71,0,0,72,0,0,72,0,0,72,0,0,72,0,0,73,0,0,73,0,0,73,0,0,73,0,0,74,0,0,74,0,0,74,0,0,74,0,0,75,0,0,75,0,0,75,0,0,75,0,0,76,0,0,76,0,0,76,0,0,76,0,0,77,0,0,77,0,0,77,0,0,77,0,0,78,0,0,78,0,0,78,0,0,78,0,0,79,0,0,79,0,0,79,0,0,79,0,0,80,0,0,80,0,0,80,0,0,80,0,0,81,0,0,81,0,0,81,0,0,81,0,0,82,0,0,82,0,0,82,0,0,82,0,0,83,0,0,83,0,0,83,0,0,83,0,0,84,0,0,84,0,0,84,0,0,84,0,0,85,0,0,85,0,0,85,0,0,85,0,0,86,0,0,86,0,0,86,0,0,86,0,0,87,0,0,87,0,0,87,0,0,87,0,0,88,0,0,88,0,0,88,0,0,88,0,0,89,0,0,89,0,0,89,0,0,89,0,0,90,0,0,90,0,0,90,0,0,90,0,0,91,0,0,91,0,0,91,0,0,91,0,0,92,0,0,92,0,0,92,0,0,92,0,0,93,0,0,93,0,0,93,0,0,93,0,0,94,0,0,94,0,0,94,0,0,94,0,0,95,0,0,95,0,0,95,0,0,95,0,0,96,0,0,96,0,0,96,0,0,96,0,0,97,0,0,97,0,0,97,0,0,97,0,0,98,0,0,98,0,0,98,0,0,98,0,0,99,0,0,99,0,0,99,0,0,99,0,0,100,0,0,100,0,0,100,0,0,100,0,0,101,0,0,101,0,0,101,0,0,101,0,0,102,0,0,102,0,0,102,0,0,102,0,0,103,0,0,103,0,0,103,0,0,103,0,0,104,0,0,104,0,0,104,0,0,104,0,0,105,0,0,105,0,0,105,0,-1,271,0,0,106,0,0,106,0,0,106,0,0,106,0,0,107,0,0,107,0,0,107,0,0,107,0,0,108,0,0,108,0,0,108,0,0,108,0,0,109,0,0,109,0,0,109,0,0,109,0,0,110,0,0,110,0,0,110,0,0,110,0,0,111,0,0,111,0,0,111,0,0,111,0,0,112,0,0,112,0,0,112,0,0,112,0,0,113,0,0,113,0,0,113,0,0,113,0,0,114,0,0,114,0,0,114,0,0,114,0,0,115,0,0,115,0,0,115,0,0,115,0,0,116,0,0,116,0,0,116,0,0,116,0,0,117,0,0,117,0,0,117,0,0,117,0,0,118,0,0,118,0,0,118,0,0,118,0,0,119,0,0,119,0,0,119,0,0,119,0,0,120,0,0,120,0,0,120,0,0,120,0,0,121,0,0,121,0,0,121,0,0,121,0,0,122,0,0,122,0,0,122,0,0,122,0,0,123,0,0,123,0,0,123,0,0,123,0,0,124,0,0,124,0,0,124,0,0,124,0,0,125,0,0,125,0,0,125,0,0,125,0,0,126,0,0,126,0,0,126,0,0,126,0,0,127,0,0,127,0,0,127,0,0,127,0,0,128,0,0,128,0,0,128,0,0,128,0,0,129,0,0,129,0,0,129,0,0,129,0,0,130,0,0,130,0,0,130,0,0,130,0,0,131,0,0,131,0,0,131,0,0,131,0,0,132,0,0,132,0,0,132,0,0,132,0,0,133,0,0,133,0,0,133,0,0,133,0,0,134,0,0,134,0,0,134,0,0,134,0,0,135,0,0,135,0,0,135,0,0,135,0,0,136,0,0,136,0,0,136,0,0,136,0,0,137,0,0,137,0,0,137,0,0,137,0,0,138,0,0,138,0,0,138,0,0,138,0,0,139,0,0,139,0,0,139,0,0,139,0,0,140,0,0,140,0,0,140,0,0,140,0,0,141,0,0,141,0,0,141,0,0,141,0,0,142,0,0,142,0,0,142,0,0,142,0,0,143,0,0,143,0,0,143,0,0,143,0,0,144,0,0,144,0,0,144,0,0,144,0,0,145,0,0,145,0,0,145,0,0,145,0,0,146,0,0,146,0,0,146,0,0,146,0,0,147,0,0,147,0,0,147,0,0,147,0,0,148,0,0,148,0,0,148,0,0,148,0,0,149,0,0,149,0,0,149,0,0,149,0,0,150,0,0,150,0,0,150,0,0,150,0,0,151,0,0,151,0,0,151,0,0,151,0,0,152,0,0,152,0,0,152,0,0,152,0,0,153,0,0,153,0,0,153,0,0,153,0,0,154,0,0,154,0,0,154,0,0,154,0,0,155,0,0,155,0,0,155,0,0,155,0,0,156,0,0,156,0,0,156,0,0,156,0,0,157,0,0,157,0,0,157,0,0,157,0,0,158,0,0,158,0,0,158,0,0,158,0,0,159,0,0,159,0,0,159,0,0,159,0,0,160,0,0,160,0,0,160,0,0,160,0,0,161,0,0,161,0,0,161,0,0,161,0,0,162,0,0,162,0,0,162,0,0,162,0,0,163,0,0,163,0,0,163,0,0,163,0,0,164,0,0,164,0,0,164,0,0,164,0,0,165,0,0,165,0,0,165,0,0,165,0,0,166,0,0,166,0,0,166,0,0,166,0,0,167,0,0,167,0,0,167,0,0,167,0,0,168,0,0,168,0,0,168,0,0,168,0,0,169,0,0,169,0,0,169,0,0,169,0,0,170,0,0,170,0,0,170,0,0,170,0,0,171,0,0,171,0,0,171,0,0,171,0,0,172,0,0,172,0,0,172,0,0,172,0,0,173,0,0,173,0,0,173,0,0,173,0,0,174,0,0,174,0,0,174,0,0,174,0,0,175,0,0,175,0,0,175,0,-1,272,0,0,176,0,0,176,0,0,176,0,0,176,0,0,177,0,0,177,0,0,177,0,0,177,0,0,178,0,0,178,0,0,178,0,0,178,0,0,179,0,0,179,0,0,179,0,0,179,0,0,180,0,0,180,0,0,180,0,0,180,0,0,181,0,0,181,0,0,181,0,0,181,0,0,182,0,0,182,0,0,182,0,0,182,0,0,183,0,0,183,0,0,183,0,0,183,0,0,184,0,0,184,0,0,184,0,0,184,0,0,185,0,0,185,0,0,185,0,0,185,0,0,186,0,0,186,0,0,186,0,0,186,0,0,187,0,0,187,0,0,187,0,0,187,0,0,188,0,0,188,0,0,188,0,0,188,0,0,189,0,0,189,0,0,189,0,0,189,0,0,190,0,0,190,0,0,190,0,0,190,0,0,191,0,0,191,0,0,191,0,0,191,0,0,192,0,0,192,0,0,192,0,0,192,0,0,193,0,0,193,0,0,193,0,0,193,0,0,194,0,0,194,0,0,194,0,0,194,0,0,195,0,0,195,0,0,195,0,0,195,0,0,196,0,0,196,0,0,196,0,0,196,0,0,197,0,0,197,0,0,197,0,0,197,0,0,198,0,0,198,0,0,198,0,0,198,0,0,199,0,0,199,0,0,199,0,0,199,0,0,200,0,0,200,0,0,200,0,0,200,0,0,201,0,0,201,0,0,201,0,0,201,0,0,202,0,0,202,0,0,202,0,0,202,0,0,203,0,0,203,0,0,203,0,0,203,0,0,204,0,0,204,0,0,204,0,0,204,0,0,205,0,0,205,0,0,205,0,0,205,0,0,206,0,0,206,0,0,206,0,0,206,0,0,207,0,0,207,0,0,207,0,0,207,0,0,208,0,0,208,0,0,208,0,0,208,0,0,209,0,0,209,0,0,209,0,0,209,0,0,210,0,0,210,0,0,210,0,0,210,0,0,211,0,0,211,0,0,211,0,0,211,0,0,212,0,0,212,0,0,212,0,0,212,0,0,213,0,0,213,0,0,213,0,0,213,0,0,214,0,0,214,0,0,214,0,0,214,0,0,215,0,0,215,0,0,215,0,0,215,0,0,216,0,0,216,0,0,216,0,0,216,0,0,217,0,0,217,0,0,217,0,0,217,0,0,218,0,0,218,0,0,218,0,0,218,0,0,219,0,0,219,0,0,219,0,0,219,0,0,220,0,0,220,0,0,220,0,0,220,0,0,221,0,0,221,0,0,221,0,0,221,0,0,222,0,0,222,0,0,222,0,0,222,0,0,223,0,0,223,0,0,223,0,0,223,0,0,224,0,0,224,0,0,224,0,0,224,0,0,225,0,0,225,0,0,225,0,0,225,0,0,226,0,0,226,0,0,226,0,0,226,0,0,227,0,0,227,0,0,227,0,0,227,0,0,228,0,0,228,0,0,228,0,0,228,0,0,229,0,0,229,0,0,229,0,0,229,0,0,230,0,0,230,0,0,230,0,0,230,0,0,231,0,0,231,0,0,231,0,0,231,0,0,232,0,0,232,0,0,232,0,0,232,0,0,233,0,0,233,0,0,233,0,0,233,0,0,234,0,0,234,0,0,234,0,0,234,0,0,235,0,0,235,0,0,235,0,0,235,0,0,236,0,0,236,0,0,236,0,0,236,0,0,237,0,0,237,0,0,237,0,0,237,0,0,238,0,0,238,0,0,238,0,0,238,0,0,239,0,0,239,0,0,239,0,0,239,0,0,240,0,0,240,0,0,240,0,0,240,0,0,241,0,0,241,0,0,241,0,0,241,0,0,242,0,0,242,0,0,242,0,0,242,0,0,243,0,0,243,0,0,243,0,0,243,0,0,244,0,0,244,0,0,244,0,0,244,0,0,245,0,0,245,0,0,245,0,0,245,0,0,246,0,0,246,0,0,246,0,0,246,0,0,247,0,0,247,0,0,247,0,0,247,0,0,248,0,0,248,0,0,248,0,0,248,0,0,249,0,0,249,0,0,249,0,0,249,0,0,250,0,0,250,0,0,250,0,0,250,0,0,251,0,0,251,0,0,251,0,0,251,0,0,253,0,0,253,0,0,254,0,0,254,0,0,255,0,0,255,0,0,255,0,0,256,0,0,256,0,0,257,0,0,257,0,0,257,0,0,258,0,-1,273,0,-2,259,0,0,259,0,0,259,0,0,259,0,-1,277,0,0,260,0,0,262,0,-2,280,0,0,263,0,0,263,0,0,264,0,0,264,0,0,265,0,0,265,0,0,266,0,0,266,0,0,267,0,0,267,0,0,268,0,-2,282,0,0,269,0,0,269,0,0,270,0,0,270,0,0,271,0,0,271,0,0,272,0,0,272,0,0,273,0,0,273,0,0,274,0,0,274,0,0,275,0,0,275,0,0,276,0,0,276,0,-1,279,0,17,252,1,3,252,3,3,50,4,3,49,5,3,48,6,3,48,7,3,49,8,3,50,9,3,49,10,3,48,11,3,50,12,3,14,13,3,14,14,3,46,15,3,16,18,3,56,19,3,56,20,3,47,21,3,47,46,3,252,52,3,252,261,18,281,1316],[0,0,0,0,0,0,0,0,0,0,0,0,0,0,0,0,0,0,0,0,0,0,0,0,0,0,0,0,0,0,0,0,0,0,0,0,0,0,0,0,0,0,0,0,0,0,0,0,0,0,0,0,0,0,0,0,0,0,0,0,0,0,0,0,0,0,0,0,0,0,0,0,0,0,0,0,0,0,0,0,0,0,0,0,0,0,0,0,0,0,0,0,0,0,0,0,0,0,0,0,0,0,0,0,0,0,0,0,0,0,0,0,0,0,0,0,0,0,0,0,0,0,0,0,0,0,0,0,0,0,0,0,0,0,0,0,0,0,0,0,0,0,0,0,0,0,0,0,0,0,0,0,0,0,0,0,0,0,0,0,0,0,0,0,0,0,0,0,0,0,0,0,0,0,0,0,0,0,0,0,0,0,0,0,0,0,0,0,0,0,0,0,0,0,0,0,0,0,0,0,0,0,0,0,0,0,0,0,0,0,0,0,0,0,0,0,0,0,0,0,0,0,0,0,0,0,0,0,0,0,0,0,0,0,0,0,0,0,0,0,0,0,0,0,0,0,0,0,0,0,0,0,0,0,0,0,0,0,0,0,0,0,0,0,0,0,0,0,0,0,0,0,0,0,0,0,0,0,0,0,0,0,0,0,0,0,0,0,0,0,0,0,0,0,0,0,0,0,0,0,0,0,0,0,0,0,0,0,0,0,0,0,0,0,0,0,0,0,280,282],[1,1,1,1,1,6,11,12,13,1,1,6,1,1,6,1,1,6,11,12,13,1,1,6,1,1,6,1,1,1,6,1,1,6,1,1,2,1,2,1,2,1,2,1,2,1,2,1,2,1,2,1,2,1,2,1,2,1,2,1,2,1,2,1,2,1,2,1,2,1,2,1,2,1,2,1,2,1,1,1,1,1,1,1,1,1,1,1,1,1,1,1,1,1,1,1,1,1,1,1,1,1,1,1,1,4,4,1,1,1,1,1,1,1,1,2,1,2,1,2,1,2,1,2,1,2,1,2,1,2,1,2,1,2,1,2,1,2,1,2,1,2,1,2,1,2,1,2,1,2,1,2,1,1,1,1,1,1,1,1,1,1,1,1,1,1,1,1,1,1,1,1,1,1,1,1,1,1,1,1,1,1,1,1,1,1,1,1,1,1,1,1,1,4,4,1,1,4,4,4,4,1,1,1,1,1,1,1,1,2,1,2,1,2,1,2,1,2,1,2,1,2,1,2,1,2,1,2,1,2,1,2,1,2,1,2,1,2,1,2,1,2,1,1,1,1,1,1,1,1,1,1,1,1,1,1,1,1,1,1,1,1,1,1,1,1,1,1,1,1,1,1,1,1,1,1,1,1,1,1,4,4,1,1,4,4,4,4,1,1,1,1,1,1,1,1,1,1,1,1,1,1,1,1,1,1,1,1,1,1,1,1,1,1,1,4,19,1,1,20],[12,18,7,19,11,11,11,13,14,15,8,8,20,8,8,21,11,11,11,13,14,15,8,8,22,8,8,23,24,8,8,25,8,8,26,0,1,0,1,0,1,0,1,0,1,0,1,0,1,0,1,0,1,0,1,0,1,0,1,0,1,0,1,0,1,0,1,0,1,0,1,0,1,0,1,0,1,10,10,7,7,12,9,7,9,9,4,3,3,3,3,3,3,3,4,2,2,4,4,2,2,3,3,4,4,6,6,5,5,3,3,3,3,3,0,1,0,1,0,1,0,1,0,1,0,1,0,1,0,1,0,1,0,1,0,1,0,1,0,1,0,1,0,1,0,1,0,1,0,1,0,1,10,10,7,7,12,9,7,9,7,9,3,3,3,3,3,3,4,4,4,3,3,4,2,2,2,2,4,4,2,2,2,2,2,2,2,2,3,3,4,4,4,6,6,5,5,6,6,6,6,5,5,5,5,5,5,3,0,1,0,1,0,1,0,1,0,1,0,1,0,1,0,1,0,1,0,1,0,1,0,1,0,1,0,1,0,1,0,1,0,1,10,10,7,7,12,9,7,9,7,3,3,3,3,4,4,4,3,3,4,2,2,2,2,4,4,2,2,2,2,2,2,2,2,3,3,4,4,4,6,6,5,5,6,6,6,6,5,5,5,5,5,5,3,2,2,2,2,2,2,2,2,2,2,2,2,2,2,2,2,16,16,10,9,27,28,29,30,31]],[[{"name":"default_btn_pressed","rect":{"x":0,"y":0,"width":40,"height":40},"offset":{"x":0,"y":0},"originalSize":{"width":40,"height":40},"rotated":false,"capInsets":[12,12,12,12],"vertices":{"rawPosition":[-20,-20,0,20,-20,0,-20,20,0,20,20,0],"indexes":[0,1,2,2,1,3],"uv":[0,40,40,40,0,0,40,0],"nuv":[0,0,1,0,0,1,1,1],"minPos":{"x":-20,"y":-20,"z":0},"maxPos":{"x":20,"y":20,"z":0}},"packable":true,"pixelsToUnit":100,"pivot":{"x":0.5,"y":0.5},"meshType":0}],[7],0,[0],[7],[32]],[[{"name":"default_btn_disabled","rect":{"x":0,"y":0,"width":40,"height":40},"offset":{"x":0,"y":0},"originalSize":{"width":40,"height":40},"rotated":false,"capInsets":[12,12,12,12],"vertices":{"rawPosition":[-20,-20,0,20,-20,0,-20,20,0,20,20,0],"indexes":[0,1,2,2,1,3],"uv":[0,40,40,40,0,0,40,0],"nuv":[0,0,1,0,0,1,1,1],"minPos":{"x":-20,"y":-20,"z":0},"maxPos":{"x":20,"y":20,"z":0}},"packable":true,"pixelsToUnit":100,"pivot":{"x":0.5,"y":0.5},"meshType":0}],[7],0,[0],[7],[33]]]]
