[1,["4d/6PBow9EEL6ymbFlbN80@6c48a"],["_textureSource"],["cc.SpriteFrame"],0,[{"name":"Snow","rect":{"x":0,"y":0,"width":1560,"height":683},"offset":{"x":0,"y":0},"originalSize":{"width":1560,"height":683},"rotated":false,"capInsets":[0,0,0,0],"vertices":{"rawPosition":[-780,-341.5,0,780,-341.5,0,-780,341.5,0,780,341.5,0],"indexes":[0,1,2,2,1,3],"uv":[0,683,1560,683,0,0,1560,0],"nuv":[0,0,1,0,0,1,1,1],"minPos":{"x":-780,"y":-341.5,"z":0},"maxPos":{"x":780,"y":341.5,"z":0}},"packable":true,"pixelsToUnit":100,"pivot":{"x":0.5,"y":0.5},"meshType":0}],[0],0,[0],[0],[0]]
