[1,["f5VMVhV8xOS6w7vpGrtgb5@6c48a"],["_textureSource"],["cc.SpriteFrame"],0,[{"name":"stop_time","rect":{"x":0,"y":0,"width":50,"height":53},"offset":{"x":0,"y":0},"originalSize":{"width":50,"height":53},"rotated":false,"capInsets":[0,0,0,0],"vertices":{"rawPosition":[-25,-26.5,0,25,-26.5,0,-25,26.5,0,25,26.5,0],"indexes":[0,1,2,2,1,3],"uv":[0,53,50,53,0,0,50,0],"nuv":[0,0,1,0,0,1,1,1],"minPos":{"x":-25,"y":-26.5,"z":0},"maxPos":{"x":25,"y":26.5,"z":0}},"packable":true,"pixelsToUnit":100,"pivot":{"x":0.5,"y":0.5},"meshType":0}],[0],0,[0],[0],[0]]
