[1,["51F4csBKlCIKyqpOzdRBga@6c48a"],["_textureSource"],["cc.SpriteFrame"],0,[{"name":"note","rect":{"x":0,"y":0,"width":705,"height":312},"offset":{"x":0,"y":0},"originalSize":{"width":705,"height":312},"rotated":false,"capInsets":[0,0,0,0],"vertices":{"rawPosition":[-352.5,-156,0,352.5,-156,0,-352.5,156,0,352.5,156,0],"indexes":[0,1,2,2,1,3],"uv":[0,312,705,312,0,0,705,0],"nuv":[0,0,1,0,0,1,1,1],"minPos":{"x":-352.5,"y":-156,"z":0},"maxPos":{"x":352.5,"y":156,"z":0}},"packable":true,"pixelsToUnit":100,"pivot":{"x":0.5,"y":0.5},"meshType":0}],[0],0,[0],[0],[0]]
