[1,["c5ReRzt1BFSIfy0TGsxvzv@6c48a"],0,[["sp.SkeletonData",["_name","_atlasText","textureNames","_skeletonJson","textures"],-1,3]],[[0,0,1,2,3,4,5]],[[0,"phi_tieu","\nphi_tieu.png\nsize: 88,88\nformat: RGBA8888\nfilter: Linear,Linear\nrepeat: none\nobstacle_3\n  rotate: false\n  xy: 2, 2\n  size: 84, 84\n  orig: 84, 84\n  offset: 0, 0\n  index: -1\n",["phi_tieu.png"],{"skeleton":{"hash":"du2V2WzyionZsJVaGxayYL5RJ8A","spine":"3.7.94","width":84,"height":84,"images":"","audio":""},"bones":[{"name":"root"},{"name":"bone","parent":"root"}],"slots":[{"name":"obstacle_3","bone":"bone","attachment":"obstacle_3"}],"skins":{"default":{"obstacle_3":{"obstacle_3":{"width":84,"height":84}}}},"animations":{"animation":{"bones":{"bone":{"rotate":[{"time":0,"angle":0},{"time":0.5667,"angle":-178},{"time":1.1667,"angle":2}]}}}}},[0]]],0,0,[0],[-1],[0]]
