[1,["7bQgqMpJRDs72ybvXyIDt1@6c48a"],["_textureSource"],["cc.SpriteFrame"],0,[{"name":"fx_impack","rect":{"x":2,"y":2,"width":127,"height":83},"offset":{"x":-62.5,"y":20.5},"originalSize":{"width":256,"height":128},"rotated":false,"capInsets":[0,0,0,0],"vertices":{"rawPosition":[-63.5,-41.5,0,63.5,-41.5,0,-63.5,41.5,0,63.5,41.5,0],"indexes":[0,1,2,2,1,3],"uv":[2,126,129,126,2,43,129,43],"nuv":[0.0078125,0.3359375,0.50390625,0.3359375,0.0078125,0.984375,0.50390625,0.984375],"minPos":{"x":-63.5,"y":-41.5,"z":0},"maxPos":{"x":63.5,"y":41.5,"z":0}},"packable":true,"pixelsToUnit":100,"pivot":{"x":0.5,"y":0.5},"meshType":0}],[0],0,[0],[0],[0]]
